ConditionName,Outcome,CountryName,Date,PartOfCumulativeCountSeries,SourceName,CountValue,TotalPopulation,"Cases Per 100,000"
COVID-19,Unspecified,BRAZIL,2020-01-04,1,World Health Organization COVID-19 Dashboard,0,"208,660,842",0.0000
COVID-19,Unspecified,BRAZIL,2020-01-05,1,World Health Organization COVID-19 Dashboard,0,"208,660,842",0.0000
COVID-19,Unspecified,BRAZIL,2020-01-06,1,World Health Organization COVID-19 Dashboard,0,"208,660,842",0.0000
COVID-19,Unspecified,BRAZIL,2020-01-07,1,World Health Organization COVID-19 Dashboard,0,"208,660,842",0.0000
COVID-19,Unspecified,BRAZIL,2020-01-08,1,World Health Organization COVID-19 Dashboard,0,"208,660,842",0.0000
COVID-19,Unspecified,BRAZIL,2020-01-09,1,World Health Organization COVID-19 Dashboard,0,"208,660,842",0.0000
COVID-19,Unspecified,BRAZIL,2020-01-10,1,World Health Organization COVID-19 Dashboard,0,"208,660,842",0.0000
COVID-19,Unspecified,BRAZIL,2020-01-11,1,World Health Organization COVID-19 Dashboard,0,"208,660,842",0.0000
COVID-19,Unspecified,BRAZIL,2020-01-12,1,World Health Organization COVID-19 Dashboard,0,"208,660,842",0.0000
COVID-19,Unspecified,BRAZIL,2020-01-13,1,World Health Organization COVID-19 Dashboard,0,"208,660,842",0.0000
COVID-19,Unspecified,BRAZIL,2020-01-14,1,World Health Organization COVID-19 Dashboard,0,"208,660,842",0.0000
COVID-19,Unspecified,BRAZIL,2020-01-15,1,World Health Organization COVID-19 Dashboard,0,"208,660,842",0.0000
COVID-19,Unspecified,BRAZIL,2020-01-16,1,World Health Organization COVID-19 Dashboard,0,"208,660,842",0.0000
COVID-19,Unspecified,BRAZIL,2020-01-17,1,World Health Organization COVID-19 Dashboard,0,"208,660,842",0.0000
COVID-19,Unspecified,BRAZIL,2020-01-18,1,World Health Organization COVID-19 Dashboard,0,"208,660,842",0.0000
COVID-19,Unspecified,BRAZIL,2020-01-19,1,World Health Organization COVID-19 Dashboard,0,"208,660,842",0.0000
COVID-19,Unspecified,BRAZIL,2020-01-20,1,World Health Organization COVID-19 Dashboard,0,"208,660,842",0.0000
COVID-19,Unspecified,BRAZIL,2020-01-21,1,World Health Organization COVID-19 Dashboard,0,"208,660,842",0.0000
COVID-19,Unspecified,BRAZIL,2020-01-22,1,World Health Organization COVID-19 Dashboard,0,"208,660,842",0.0000
COVID-19,Unspecified,BRAZIL,2020-01-23,1,World Health Organization COVID-19 Dashboard,0,"208,660,842",0.0000
COVID-19,Unspecified,BRAZIL,2020-01-24,1,World Health Organization COVID-19 Dashboard,0,"208,660,842",0.0000
COVID-19,Unspecified,BRAZIL,2020-01-25,1,World Health Organization COVID-19 Dashboard,0,"208,660,842",0.0000
COVID-19,Unspecified,BRAZIL,2020-01-26,1,World Health Organization COVID-19 Dashboard,0,"208,660,842",0.0000
COVID-19,Unspecified,BRAZIL,2020-01-27,1,World Health Organization COVID-19 Dashboard,0,"208,660,842",0.0000
COVID-19,Unspecified,BRAZIL,2020-01-28,1,World Health Organization COVID-19 Dashboard,0,"208,660,842",0.0000
COVID-19,Unspecified,BRAZIL,2020-01-29,1,World Health Organization COVID-19 Dashboard,0,"208,660,842",0.0000
COVID-19,Unspecified,BRAZIL,2020-01-30,1,World Health Organization COVID-19 Dashboard,0,"208,660,842",0.0000
COVID-19,Unspecified,BRAZIL,2020-01-31,1,World Health Organization COVID-19 Dashboard,0,"208,660,842",0.0000
COVID-19,Unspecified,BRAZIL,2020-02-01,1,World Health Organization COVID-19 Dashboard,0,"208,660,842",0.0000
COVID-19,Unspecified,BRAZIL,2020-02-02,1,World Health Organization COVID-19 Dashboard,0,"208,660,842",0.0000
COVID-19,Unspecified,BRAZIL,2020-02-03,1,World Health Organization COVID-19 Dashboard,0,"208,660,842",0.0000
COVID-19,Unspecified,BRAZIL,2020-02-04,1,World Health Organization COVID-19 Dashboard,0,"208,660,842",0.0000
COVID-19,Unspecified,BRAZIL,2020-02-05,1,World Health Organization COVID-19 Dashboard,0,"208,660,842",0.0000
COVID-19,Unspecified,BRAZIL,2020-02-06,1,World Health Organization COVID-19 Dashboard,0,"208,660,842",0.0000
COVID-19,Unspecified,BRAZIL,2020-02-07,1,World Health Organization COVID-19 Dashboard,0,"208,660,842",0.0000
COVID-19,Unspecified,BRAZIL,2020-02-08,1,World Health Organization COVID-19 Dashboard,0,"208,660,842",0.0000
COVID-19,Unspecified,BRAZIL,2020-02-09,1,World Health Organization COVID-19 Dashboard,0,"208,660,842",0.0000
COVID-19,Unspecified,BRAZIL,2020-02-10,1,World Health Organization COVID-19 Dashboard,0,"208,660,842",0.0000
COVID-19,Unspecified,BRAZIL,2020-02-11,1,World Health Organization COVID-19 Dashboard,0,"208,660,842",0.0000
COVID-19,Unspecified,BRAZIL,2020-02-12,1,World Health Organization COVID-19 Dashboard,0,"208,660,842",0.0000
COVID-19,Unspecified,BRAZIL,2020-02-13,1,World Health Organization COVID-19 Dashboard,0,"208,660,842",0.0000
COVID-19,Unspecified,BRAZIL,2020-02-14,1,World Health Organization COVID-19 Dashboard,0,"208,660,842",0.0000
COVID-19,Unspecified,BRAZIL,2020-02-15,1,World Health Organization COVID-19 Dashboard,0,"208,660,842",0.0000
COVID-19,Unspecified,BRAZIL,2020-02-16,1,World Health Organization COVID-19 Dashboard,0,"208,660,842",0.0000
COVID-19,Unspecified,BRAZIL,2020-02-17,1,World Health Organization COVID-19 Dashboard,0,"208,660,842",0.0000
COVID-19,Unspecified,BRAZIL,2020-02-18,1,World Health Organization COVID-19 Dashboard,0,"208,660,842",0.0000
COVID-19,Unspecified,BRAZIL,2020-02-19,1,World Health Organization COVID-19 Dashboard,0,"208,660,842",0.0000
COVID-19,Unspecified,BRAZIL,2020-02-20,1,World Health Organization COVID-19 Dashboard,0,"208,660,842",0.0000
COVID-19,Unspecified,BRAZIL,2020-02-21,1,World Health Organization COVID-19 Dashboard,0,"208,660,842",0.0000
COVID-19,Unspecified,BRAZIL,2020-02-22,1,World Health Organization COVID-19 Dashboard,0,"208,660,842",0.0000
COVID-19,Unspecified,BRAZIL,2020-02-23,1,World Health Organization COVID-19 Dashboard,0,"208,660,842",0.0000
COVID-19,Unspecified,BRAZIL,2020-02-24,1,World Health Organization COVID-19 Dashboard,0,"208,660,842",0.0000
COVID-19,Unspecified,BRAZIL,2020-02-25,1,World Health Organization COVID-19 Dashboard,0,"208,660,842",0.0000
COVID-19,Unspecified,BRAZIL,2020-02-26,1,World Health Organization COVID-19 Dashboard,0,"208,660,842",0.0000
COVID-19,Unspecified,BRAZIL,2020-02-27,1,World Health Organization COVID-19 Dashboard,1,"208,660,842",0.0005
COVID-19,Unspecified,BRAZIL,2020-02-28,1,World Health Organization COVID-19 Dashboard,0,"208,660,842",0.0000
COVID-19,Unspecified,BRAZIL,2020-02-29,1,World Health Organization COVID-19 Dashboard,0,"208,660,842",0.0000
COVID-19,Unspecified,BRAZIL,2020-03-01,1,World Health Organization COVID-19 Dashboard,0,"208,660,842",0.0000
COVID-19,Unspecified,BRAZIL,2020-03-02,1,World Health Organization COVID-19 Dashboard,1,"208,660,842",0.0005
COVID-19,Unspecified,BRAZIL,2020-03-03,1,World Health Organization COVID-19 Dashboard,0,"208,660,842",0.0000
COVID-19,Unspecified,BRAZIL,2020-03-04,1,World Health Organization COVID-19 Dashboard,0,"208,660,842",0.0000
COVID-19,Unspecified,BRAZIL,2020-03-05,1,World Health Organization COVID-19 Dashboard,0,"208,660,842",0.0000
COVID-19,Unspecified,BRAZIL,2020-03-06,1,World Health Organization COVID-19 Dashboard,1,"208,660,842",0.0005
COVID-19,Unspecified,BRAZIL,2020-03-07,1,World Health Organization COVID-19 Dashboard,5,"208,660,842",0.0024
COVID-19,Unspecified,BRAZIL,2020-03-08,1,World Health Organization COVID-19 Dashboard,5,"208,660,842",0.0024
COVID-19,Unspecified,BRAZIL,2020-03-09,1,World Health Organization COVID-19 Dashboard,6,"208,660,842",0.0029
COVID-19,Unspecified,BRAZIL,2020-03-10,1,World Health Organization COVID-19 Dashboard,6,"208,660,842",0.0029
COVID-19,Unspecified,BRAZIL,2020-03-11,1,World Health Organization COVID-19 Dashboard,0,"208,660,842",0.0000
COVID-19,Unspecified,BRAZIL,2020-03-12,1,World Health Organization COVID-19 Dashboard,9,"208,660,842",0.0043
COVID-19,Unspecified,BRAZIL,2020-03-13,1,World Health Organization COVID-19 Dashboard,26,"208,660,842",0.0125
COVID-19,Unspecified,BRAZIL,2020-03-14,1,World Health Organization COVID-19 Dashboard,17,"208,660,842",0.0081
COVID-19,Unspecified,BRAZIL,2020-03-15,1,World Health Organization COVID-19 Dashboard,7,"208,660,842",0.0034
COVID-19,Unspecified,BRAZIL,2020-03-16,1,World Health Organization COVID-19 Dashboard,37,"208,660,842",0.0177
COVID-19,Unspecified,BRAZIL,2020-03-17,1,World Health Organization COVID-19 Dashboard,79,"208,660,842",0.0379
COVID-19,Unspecified,BRAZIL,2020-03-18,1,World Health Organization COVID-19 Dashboard,34,"208,660,842",0.0163
COVID-19,Unspecified,BRAZIL,2020-03-19,1,World Health Organization COVID-19 Dashboard,57,"208,660,842",0.0273
COVID-19,Unspecified,BRAZIL,2020-03-20,1,World Health Organization COVID-19 Dashboard,137,"208,660,842",0.0657
COVID-19,Unspecified,BRAZIL,2020-03-21,1,World Health Organization COVID-19 Dashboard,0,"208,660,842",0.0000
COVID-19,Unspecified,BRAZIL,2020-03-22,1,World Health Organization COVID-19 Dashboard,476,"208,660,842",0.2281
COVID-19,Unspecified,BRAZIL,2020-03-23,1,World Health Organization COVID-19 Dashboard,0,"208,660,842",0.0000
COVID-19,Unspecified,BRAZIL,2020-03-24,1,World Health Organization COVID-19 Dashboard,642,"208,660,842",0.3077
COVID-19,Unspecified,BRAZIL,2020-03-25,1,World Health Organization COVID-19 Dashboard,345,"208,660,842",0.1653
COVID-19,Unspecified,BRAZIL,2020-03-26,1,World Health Organization COVID-19 Dashboard,310,"208,660,842",0.1486
COVID-19,Unspecified,BRAZIL,2020-03-27,1,World Health Organization COVID-19 Dashboard,232,"208,660,842",0.1112
COVID-19,Unspecified,BRAZIL,2020-03-28,1,World Health Organization COVID-19 Dashboard,482,"208,660,842",0.2310
COVID-19,Unspecified,BRAZIL,2020-03-29,1,World Health Organization COVID-19 Dashboard,502,"208,660,842",0.2406
COVID-19,Unspecified,BRAZIL,2020-03-30,1,World Health Organization COVID-19 Dashboard,486,"208,660,842",0.2329
COVID-19,Unspecified,BRAZIL,2020-03-31,1,World Health Organization COVID-19 Dashboard,353,"208,660,842",0.1692
COVID-19,Unspecified,BRAZIL,2020-04-01,1,World Health Organization COVID-19 Dashboard,323,"208,660,842",0.1548
COVID-19,Unspecified,BRAZIL,2020-04-02,1,World Health Organization COVID-19 Dashboard,1138,"208,660,842",0.5454
COVID-19,Unspecified,BRAZIL,2020-04-03,1,World Health Organization COVID-19 Dashboard,1119,"208,660,842",0.5363
COVID-19,Unspecified,BRAZIL,2020-04-04,1,World Health Organization COVID-19 Dashboard,1074,"208,660,842",0.5147
COVID-19,Unspecified,BRAZIL,2020-04-05,1,World Health Organization COVID-19 Dashboard,1146,"208,660,842",0.5492
COVID-19,Unspecified,BRAZIL,2020-04-06,1,World Health Organization COVID-19 Dashboard,1222,"208,660,842",0.5856
COVID-19,Unspecified,BRAZIL,2020-04-07,1,World Health Organization COVID-19 Dashboard,852,"208,660,842",0.4083
COVID-19,Unspecified,BRAZIL,2020-04-08,1,World Health Organization COVID-19 Dashboard,926,"208,660,842",0.4438
COVID-19,Unspecified,BRAZIL,2020-04-09,1,World Health Organization COVID-19 Dashboard,1661,"208,660,842",0.7960
COVID-19,Unspecified,BRAZIL,2020-04-10,1,World Health Organization COVID-19 Dashboard,2210,"208,660,842",1.0591
COVID-19,Unspecified,BRAZIL,2020-04-11,1,World Health Organization COVID-19 Dashboard,1930,"208,660,842",0.9249
COVID-19,Unspecified,BRAZIL,2020-04-12,1,World Health Organization COVID-19 Dashboard,1781,"208,660,842",0.8535
COVID-19,Unspecified,BRAZIL,2020-04-13,1,World Health Organization COVID-19 Dashboard,1089,"208,660,842",0.5219
COVID-19,Unspecified,BRAZIL,2020-04-14,1,World Health Organization COVID-19 Dashboard,1442,"208,660,842",0.6911
COVID-19,Unspecified,BRAZIL,2020-04-15,1,World Health Organization COVID-19 Dashboard,1261,"208,660,842",0.6043
COVID-19,Unspecified,BRAZIL,2020-04-16,1,World Health Organization COVID-19 Dashboard,1832,"208,660,842",0.8780
COVID-19,Unspecified,BRAZIL,2020-04-17,1,World Health Organization COVID-19 Dashboard,3058,"208,660,842",1.4655
COVID-19,Unspecified,BRAZIL,2020-04-18,1,World Health Organization COVID-19 Dashboard,2105,"208,660,842",1.0088
COVID-19,Unspecified,BRAZIL,2020-04-19,1,World Health Organization COVID-19 Dashboard,3257,"208,660,842",1.5609
COVID-19,Unspecified,BRAZIL,2020-04-20,1,World Health Organization COVID-19 Dashboard,2917,"208,660,842",1.3980
COVID-19,Unspecified,BRAZIL,2020-04-21,1,World Health Organization COVID-19 Dashboard,2055,"208,660,842",0.9849
COVID-19,Unspecified,BRAZIL,2020-04-22,1,World Health Organization COVID-19 Dashboard,1927,"208,660,842",0.9235
COVID-19,Unspecified,BRAZIL,2020-04-23,1,World Health Organization COVID-19 Dashboard,2498,"208,660,842",1.1972
COVID-19,Unspecified,BRAZIL,2020-04-24,1,World Health Organization COVID-19 Dashboard,2678,"208,660,842",1.2834
COVID-19,Unspecified,BRAZIL,2020-04-25,1,World Health Organization COVID-19 Dashboard,3735,"208,660,842",1.7900
COVID-19,Unspecified,BRAZIL,2020-04-26,1,World Health Organization COVID-19 Dashboard,3503,"208,660,842",1.6788
COVID-19,Unspecified,BRAZIL,2020-04-27,1,World Health Organization COVID-19 Dashboard,5514,"208,660,842",2.6426
COVID-19,Unspecified,BRAZIL,2020-04-28,1,World Health Organization COVID-19 Dashboard,3379,"208,660,842",1.6194
COVID-19,Unspecified,BRAZIL,2020-04-29,1,World Health Organization COVID-19 Dashboard,4613,"208,660,842",2.2108
COVID-19,Unspecified,BRAZIL,2020-04-30,1,World Health Organization COVID-19 Dashboard,5385,"208,660,842",2.5807
COVID-19,Unspecified,BRAZIL,2020-05-01,1,World Health Organization COVID-19 Dashboard,6276,"208,660,842",3.0078
COVID-19,Unspecified,BRAZIL,2020-05-02,1,World Health Organization COVID-19 Dashboard,7218,"208,660,842",3.4592
COVID-19,Unspecified,BRAZIL,2020-05-03,1,World Health Organization COVID-19 Dashboard,6209,"208,660,842",2.9756
COVID-19,Unspecified,BRAZIL,2020-05-04,1,World Health Organization COVID-19 Dashboard,4970,"208,660,842",2.3819
COVID-19,Unspecified,BRAZIL,2020-05-05,1,World Health Organization COVID-19 Dashboard,4588,"208,660,842",2.1988
COVID-19,Unspecified,BRAZIL,2020-05-06,1,World Health Organization COVID-19 Dashboard,6633,"208,660,842",3.1788
COVID-19,Unspecified,BRAZIL,2020-05-07,1,World Health Organization COVID-19 Dashboard,6935,"208,660,842",3.3236
COVID-19,Unspecified,BRAZIL,2020-05-08,1,World Health Organization COVID-19 Dashboard,10503,"208,660,842",5.0335
COVID-19,Unspecified,BRAZIL,2020-05-09,1,World Health Organization COVID-19 Dashboard,9888,"208,660,842",4.7388
COVID-19,Unspecified,BRAZIL,2020-05-10,1,World Health Organization COVID-19 Dashboard,10222,"208,660,842",4.8989
COVID-19,Unspecified,BRAZIL,2020-05-11,1,World Health Organization COVID-19 Dashboard,10611,"208,660,842",5.0853
COVID-19,Unspecified,BRAZIL,2020-05-12,1,World Health Organization COVID-19 Dashboard,6760,"208,660,842",3.2397
COVID-19,Unspecified,BRAZIL,2020-05-13,1,World Health Organization COVID-19 Dashboard,5632,"208,660,842",2.6991
COVID-19,Unspecified,BRAZIL,2020-05-14,1,World Health Organization COVID-19 Dashboard,9258,"208,660,842",4.4369
COVID-19,Unspecified,BRAZIL,2020-05-15,1,World Health Organization COVID-19 Dashboard,11385,"208,660,842",5.4562
COVID-19,Unspecified,BRAZIL,2020-05-16,1,World Health Organization COVID-19 Dashboard,13944,"208,660,842",6.6826
COVID-19,Unspecified,BRAZIL,2020-05-17,1,World Health Organization COVID-19 Dashboard,15305,"208,660,842",7.3349
COVID-19,Unspecified,BRAZIL,2020-05-18,1,World Health Organization COVID-19 Dashboard,14919,"208,660,842",7.1499
COVID-19,Unspecified,BRAZIL,2020-05-19,1,World Health Organization COVID-19 Dashboard,7938,"208,660,842",3.8043
COVID-19,Unspecified,BRAZIL,2020-05-20,1,World Health Organization COVID-19 Dashboard,13140,"208,660,842",6.2973
COVID-19,Unspecified,BRAZIL,2020-05-21,1,World Health Organization COVID-19 Dashboard,17408,"208,660,842",8.3427
COVID-19,Unspecified,BRAZIL,2020-05-22,1,World Health Organization COVID-19 Dashboard,19951,"208,660,842",9.5614
COVID-19,Unspecified,BRAZIL,2020-05-23,1,World Health Organization COVID-19 Dashboard,18508,"208,660,842",8.8699
COVID-19,Unspecified,BRAZIL,2020-05-24,1,World Health Organization COVID-19 Dashboard,20803,"208,660,842",9.9698
COVID-19,Unspecified,BRAZIL,2020-05-25,1,World Health Organization COVID-19 Dashboard,16508,"208,660,842",7.9114
COVID-19,Unspecified,BRAZIL,2020-05-26,1,World Health Organization COVID-19 Dashboard,15813,"208,660,842",7.5783
COVID-19,Unspecified,BRAZIL,2020-05-27,1,World Health Organization COVID-19 Dashboard,11687,"208,660,842",5.6010
COVID-19,Unspecified,BRAZIL,2020-05-28,1,World Health Organization COVID-19 Dashboard,16324,"208,660,842",7.8232
COVID-19,Unspecified,BRAZIL,2020-05-29,1,World Health Organization COVID-19 Dashboard,20599,"208,660,842",9.8720
COVID-19,Unspecified,BRAZIL,2020-05-30,1,World Health Organization COVID-19 Dashboard,26417,"208,660,842",12.6603
COVID-19,Unspecified,BRAZIL,2020-05-31,1,World Health Organization COVID-19 Dashboard,26928,"208,660,842",12.9052
COVID-19,Unspecified,BRAZIL,2020-06-01,1,World Health Organization COVID-19 Dashboard,33274,"208,660,842",15.9465
COVID-19,Unspecified,BRAZIL,2020-06-02,1,World Health Organization COVID-19 Dashboard,16409,"208,660,842",7.8640
COVID-19,Unspecified,BRAZIL,2020-06-03,1,World Health Organization COVID-19 Dashboard,11598,"208,660,842",5.5583
COVID-19,Unspecified,BRAZIL,2020-06-04,1,World Health Organization COVID-19 Dashboard,28936,"208,660,842",13.8675
COVID-19,Unspecified,BRAZIL,2020-06-05,1,World Health Organization COVID-19 Dashboard,28633,"208,660,842",13.7223
COVID-19,Unspecified,BRAZIL,2020-06-06,1,World Health Organization COVID-19 Dashboard,30925,"208,660,842",14.8207
COVID-19,Unspecified,BRAZIL,2020-06-07,1,World Health Organization COVID-19 Dashboard,30830,"208,660,842",14.7752
COVID-19,Unspecified,BRAZIL,2020-06-08,1,World Health Organization COVID-19 Dashboard,27075,"208,660,842",12.9756
COVID-19,Unspecified,BRAZIL,2020-06-09,1,World Health Organization COVID-19 Dashboard,18912,"208,660,842",9.0635
COVID-19,Unspecified,BRAZIL,2020-06-10,1,World Health Organization COVID-19 Dashboard,15654,"208,660,842",7.5021
COVID-19,Unspecified,BRAZIL,2020-06-11,1,World Health Organization COVID-19 Dashboard,32091,"208,660,842",15.3795
COVID-19,Unspecified,BRAZIL,2020-06-12,1,World Health Organization COVID-19 Dashboard,32913,"208,660,842",15.7734
COVID-19,Unspecified,BRAZIL,2020-06-13,1,World Health Organization COVID-19 Dashboard,30412,"208,660,842",14.5748
COVID-19,Unspecified,BRAZIL,2020-06-14,1,World Health Organization COVID-19 Dashboard,25982,"208,660,842",12.4518
COVID-19,Unspecified,BRAZIL,2020-06-15,1,World Health Organization COVID-19 Dashboard,21704,"208,660,842",10.4016
COVID-19,Unspecified,BRAZIL,2020-06-16,1,World Health Organization COVID-19 Dashboard,17110,"208,660,842",8.1999
COVID-19,Unspecified,BRAZIL,2020-06-17,1,World Health Organization COVID-19 Dashboard,20647,"208,660,842",9.8950
COVID-19,Unspecified,BRAZIL,2020-06-18,1,World Health Organization COVID-19 Dashboard,34918,"208,660,842",16.7343
COVID-19,Unspecified,BRAZIL,2020-06-19,1,World Health Organization COVID-19 Dashboard,32188,"208,660,842",15.4260
COVID-19,Unspecified,BRAZIL,2020-06-20,1,World Health Organization COVID-19 Dashboard,22765,"208,660,842",10.9100
COVID-19,Unspecified,BRAZIL,2020-06-21,1,World Health Organization COVID-19 Dashboard,54771,"208,660,842",26.2488
COVID-19,Unspecified,BRAZIL,2020-06-22,1,World Health Organization COVID-19 Dashboard,34666,"208,660,842",16.6136
COVID-19,Unspecified,BRAZIL,2020-06-23,1,World Health Organization COVID-19 Dashboard,17459,"208,660,842",8.3672
COVID-19,Unspecified,BRAZIL,2020-06-24,1,World Health Organization COVID-19 Dashboard,21432,"208,660,842",10.2712
COVID-19,Unspecified,BRAZIL,2020-06-25,1,World Health Organization COVID-19 Dashboard,39436,"208,660,842",18.8996
COVID-19,Unspecified,BRAZIL,2020-06-26,1,World Health Organization COVID-19 Dashboard,42725,"208,660,842",20.4758
COVID-19,Unspecified,BRAZIL,2020-06-27,1,World Health Organization COVID-19 Dashboard,39483,"208,660,842",18.9221
COVID-19,Unspecified,BRAZIL,2020-06-28,1,World Health Organization COVID-19 Dashboard,46860,"208,660,842",22.4575
COVID-19,Unspecified,BRAZIL,2020-06-29,1,World Health Organization COVID-19 Dashboard,38693,"208,660,842",18.5435
COVID-19,Unspecified,BRAZIL,2020-06-30,1,World Health Organization COVID-19 Dashboard,30476,"208,660,842",14.6055
COVID-19,Unspecified,BRAZIL,2020-07-01,1,World Health Organization COVID-19 Dashboard,24052,"208,660,842",11.5268
COVID-19,Unspecified,BRAZIL,2020-07-02,1,World Health Organization COVID-19 Dashboard,33846,"208,660,842",16.2206
COVID-19,Unspecified,BRAZIL,2020-07-03,1,World Health Organization COVID-19 Dashboard,46712,"208,660,842",22.3866
COVID-19,Unspecified,BRAZIL,2020-07-04,1,World Health Organization COVID-19 Dashboard,48105,"208,660,842",23.0542
COVID-19,Unspecified,BRAZIL,2020-07-05,1,World Health Organization COVID-19 Dashboard,42223,"208,660,842",20.2352
COVID-19,Unspecified,BRAZIL,2020-07-06,1,World Health Organization COVID-19 Dashboard,37923,"208,660,842",18.1745
COVID-19,Unspecified,BRAZIL,2020-07-07,1,World Health Organization COVID-19 Dashboard,26051,"208,660,842",12.4849
COVID-19,Unspecified,BRAZIL,2020-07-08,1,World Health Organization COVID-19 Dashboard,20229,"208,660,842",9.6947
COVID-19,Unspecified,BRAZIL,2020-07-09,1,World Health Organization COVID-19 Dashboard,45305,"208,660,842",21.7123
COVID-19,Unspecified,BRAZIL,2020-07-10,1,World Health Organization COVID-19 Dashboard,44571,"208,660,842",21.3605
COVID-19,Unspecified,BRAZIL,2020-07-11,1,World Health Organization COVID-19 Dashboard,42619,"208,660,842",20.4250
COVID-19,Unspecified,BRAZIL,2020-07-12,1,World Health Organization COVID-19 Dashboard,45048,"208,660,842",21.5891
COVID-19,Unspecified,BRAZIL,2020-07-13,1,World Health Organization COVID-19 Dashboard,39023,"208,660,842",18.7016
COVID-19,Unspecified,BRAZIL,2020-07-14,1,World Health Organization COVID-19 Dashboard,24831,"208,660,842",11.9002
COVID-19,Unspecified,BRAZIL,2020-07-15,1,World Health Organization COVID-19 Dashboard,20286,"208,660,842",9.7220
COVID-19,Unspecified,BRAZIL,2020-07-16,1,World Health Organization COVID-19 Dashboard,41857,"208,660,842",20.0598
COVID-19,Unspecified,BRAZIL,2020-07-17,1,World Health Organization COVID-19 Dashboard,39924,"208,660,842",19.1334
COVID-19,Unspecified,BRAZIL,2020-07-18,1,World Health Organization COVID-19 Dashboard,45403,"208,660,842",21.7592
COVID-19,Unspecified,BRAZIL,2020-07-19,1,World Health Organization COVID-19 Dashboard,34177,"208,660,842",16.3792
COVID-19,Unspecified,BRAZIL,2020-07-20,1,World Health Organization COVID-19 Dashboard,28532,"208,660,842",13.6739
COVID-19,Unspecified,BRAZIL,2020-07-21,1,World Health Organization COVID-19 Dashboard,23529,"208,660,842",11.2762
COVID-19,Unspecified,BRAZIL,2020-07-22,1,World Health Organization COVID-19 Dashboard,20257,"208,660,842",9.7081
COVID-19,Unspecified,BRAZIL,2020-07-23,1,World Health Organization COVID-19 Dashboard,41008,"208,660,842",19.6529
COVID-19,Unspecified,BRAZIL,2020-07-24,1,World Health Organization COVID-19 Dashboard,67860,"208,660,842",32.5217
COVID-19,Unspecified,BRAZIL,2020-07-25,1,World Health Organization COVID-19 Dashboard,59961,"208,660,842",28.7361
COVID-19,Unspecified,BRAZIL,2020-07-26,1,World Health Organization COVID-19 Dashboard,55891,"208,660,842",26.7856
COVID-19,Unspecified,BRAZIL,2020-07-27,1,World Health Organization COVID-19 Dashboard,51147,"208,660,842",24.5120
COVID-19,Unspecified,BRAZIL,2020-07-28,1,World Health Organization COVID-19 Dashboard,24578,"208,660,842",11.7789
COVID-19,Unspecified,BRAZIL,2020-07-29,1,World Health Organization COVID-19 Dashboard,23284,"208,660,842",11.1588
COVID-19,Unspecified,BRAZIL,2020-07-30,1,World Health Organization COVID-19 Dashboard,40816,"208,660,842",19.5609
COVID-19,Unspecified,BRAZIL,2020-07-31,1,World Health Organization COVID-19 Dashboard,69074,"208,660,842",33.1035
COVID-19,Unspecified,BRAZIL,2020-08-01,1,World Health Organization COVID-19 Dashboard,57837,"208,660,842",27.7182
COVID-19,Unspecified,BRAZIL,2020-08-02,1,World Health Organization COVID-19 Dashboard,52383,"208,660,842",25.1044
COVID-19,Unspecified,BRAZIL,2020-08-03,1,World Health Organization COVID-19 Dashboard,45392,"208,660,842",21.7540
COVID-19,Unspecified,BRAZIL,2020-08-04,1,World Health Organization COVID-19 Dashboard,25800,"208,660,842",12.3646
COVID-19,Unspecified,BRAZIL,2020-08-05,1,World Health Organization COVID-19 Dashboard,16641,"208,660,842",7.9751
COVID-19,Unspecified,BRAZIL,2020-08-06,1,World Health Organization COVID-19 Dashboard,51603,"208,660,842",24.7306
COVID-19,Unspecified,BRAZIL,2020-08-07,1,World Health Organization COVID-19 Dashboard,57152,"208,660,842",27.3899
COVID-19,Unspecified,BRAZIL,2020-08-08,1,World Health Organization COVID-19 Dashboard,53139,"208,660,842",25.4667
COVID-19,Unspecified,BRAZIL,2020-08-09,1,World Health Organization COVID-19 Dashboard,50230,"208,660,842",24.0726
COVID-19,Unspecified,BRAZIL,2020-08-10,1,World Health Organization COVID-19 Dashboard,49970,"208,660,842",23.9480
COVID-19,Unspecified,BRAZIL,2020-08-11,1,World Health Organization COVID-19 Dashboard,23010,"208,660,842",11.0275
COVID-19,Unspecified,BRAZIL,2020-08-12,1,World Health Organization COVID-19 Dashboard,22048,"208,660,842",10.5664
COVID-19,Unspecified,BRAZIL,2020-08-13,1,World Health Organization COVID-19 Dashboard,52160,"208,660,842",24.9975
COVID-19,Unspecified,BRAZIL,2020-08-14,1,World Health Organization COVID-19 Dashboard,55155,"208,660,842",26.4328
COVID-19,Unspecified,BRAZIL,2020-08-15,1,World Health Organization COVID-19 Dashboard,60091,"208,660,842",28.7984
COVID-19,Unspecified,BRAZIL,2020-08-16,1,World Health Organization COVID-19 Dashboard,50644,"208,660,842",24.2710
COVID-19,Unspecified,BRAZIL,2020-08-17,1,World Health Organization COVID-19 Dashboard,41576,"208,660,842",19.9252
COVID-19,Unspecified,BRAZIL,2020-08-18,1,World Health Organization COVID-19 Dashboard,23101,"208,660,842",11.0711
COVID-19,Unspecified,BRAZIL,2020-08-19,1,World Health Organization COVID-19 Dashboard,19373,"208,660,842",9.2844
COVID-19,Unspecified,BRAZIL,2020-08-20,1,World Health Organization COVID-19 Dashboard,47784,"208,660,842",22.9003
COVID-19,Unspecified,BRAZIL,2020-08-21,1,World Health Organization COVID-19 Dashboard,49298,"208,660,842",23.6259
COVID-19,Unspecified,BRAZIL,2020-08-22,1,World Health Organization COVID-19 Dashboard,45323,"208,660,842",21.7209
COVID-19,Unspecified,BRAZIL,2020-08-23,1,World Health Organization COVID-19 Dashboard,30355,"208,660,842",14.5475
COVID-19,Unspecified,BRAZIL,2020-08-24,1,World Health Organization COVID-19 Dashboard,50032,"208,660,842",23.9777
COVID-19,Unspecified,BRAZIL,2020-08-25,1,World Health Organization COVID-19 Dashboard,23421,"208,660,842",11.2244
COVID-19,Unspecified,BRAZIL,2020-08-26,1,World Health Organization COVID-19 Dashboard,17078,"208,660,842",8.1846
COVID-19,Unspecified,BRAZIL,2020-08-27,1,World Health Organization COVID-19 Dashboard,47134,"208,660,842",22.5888
COVID-19,Unspecified,BRAZIL,2020-08-28,1,World Health Organization COVID-19 Dashboard,47161,"208,660,842",22.6017
COVID-19,Unspecified,BRAZIL,2020-08-29,1,World Health Organization COVID-19 Dashboard,44235,"208,660,842",21.1995
COVID-19,Unspecified,BRAZIL,2020-08-30,1,World Health Organization COVID-19 Dashboard,43412,"208,660,842",20.8051
COVID-19,Unspecified,BRAZIL,2020-08-31,1,World Health Organization COVID-19 Dashboard,41350,"208,660,842",19.8168
COVID-19,Unspecified,BRAZIL,2020-09-01,1,World Health Organization COVID-19 Dashboard,16158,"208,660,842",7.7437
COVID-19,Unspecified,BRAZIL,2020-09-02,1,World Health Organization COVID-19 Dashboard,45961,"208,660,842",22.0267
COVID-19,Unspecified,BRAZIL,2020-09-03,1,World Health Organization COVID-19 Dashboard,42659,"208,660,842",20.4442
COVID-19,Unspecified,BRAZIL,2020-09-04,1,World Health Organization COVID-19 Dashboard,46934,"208,660,842",22.4930
COVID-19,Unspecified,BRAZIL,2020-09-05,1,World Health Organization COVID-19 Dashboard,43773,"208,660,842",20.9781
COVID-19,Unspecified,BRAZIL,2020-09-06,1,World Health Organization COVID-19 Dashboard,51194,"208,660,842",24.5346
COVID-19,Unspecified,BRAZIL,2020-09-07,1,World Health Organization COVID-19 Dashboard,30168,"208,660,842",14.4579
COVID-19,Unspecified,BRAZIL,2020-09-08,1,World Health Organization COVID-19 Dashboard,14521,"208,660,842",6.9591
COVID-19,Unspecified,BRAZIL,2020-09-09,1,World Health Organization COVID-19 Dashboard,10273,"208,660,842",4.9233
COVID-19,Unspecified,BRAZIL,2020-09-10,1,World Health Organization COVID-19 Dashboard,14279,"208,660,842",6.8432
COVID-19,Unspecified,BRAZIL,2020-09-11,1,World Health Organization COVID-19 Dashboard,35816,"208,660,842",17.1647
COVID-19,Unspecified,BRAZIL,2020-09-12,1,World Health Organization COVID-19 Dashboard,40557,"208,660,842",19.4368
COVID-19,Unspecified,BRAZIL,2020-09-13,1,World Health Organization COVID-19 Dashboard,43718,"208,660,842",20.9517
COVID-19,Unspecified,BRAZIL,2020-09-14,1,World Health Organization COVID-19 Dashboard,33523,"208,660,842",16.0658
COVID-19,Unspecified,BRAZIL,2020-09-15,1,World Health Organization COVID-19 Dashboard,14768,"208,660,842",7.0775
COVID-19,Unspecified,BRAZIL,2020-09-16,1,World Health Organization COVID-19 Dashboard,15155,"208,660,842",7.2630
COVID-19,Unspecified,BRAZIL,2020-09-17,1,World Health Organization COVID-19 Dashboard,36653,"208,660,842",17.5658
COVID-19,Unspecified,BRAZIL,2020-09-18,1,World Health Organization COVID-19 Dashboard,36820,"208,660,842",17.6459
COVID-19,Unspecified,BRAZIL,2020-09-19,1,World Health Organization COVID-19 Dashboard,36303,"208,660,842",17.3981
COVID-19,Unspecified,BRAZIL,2020-09-20,1,World Health Organization COVID-19 Dashboard,39797,"208,660,842",19.0726
COVID-19,Unspecified,BRAZIL,2020-09-21,1,World Health Organization COVID-19 Dashboard,33057,"208,660,842",15.8425
COVID-19,Unspecified,BRAZIL,2020-09-22,1,World Health Organization COVID-19 Dashboard,16389,"208,660,842",7.8544
COVID-19,Unspecified,BRAZIL,2020-09-23,1,World Health Organization COVID-19 Dashboard,13439,"208,660,842",6.4406
COVID-19,Unspecified,BRAZIL,2020-09-24,1,World Health Organization COVID-19 Dashboard,33536,"208,660,842",16.0720
COVID-19,Unspecified,BRAZIL,2020-09-25,1,World Health Organization COVID-19 Dashboard,33281,"208,660,842",15.9498
COVID-19,Unspecified,BRAZIL,2020-09-26,1,World Health Organization COVID-19 Dashboard,32817,"208,660,842",15.7274
COVID-19,Unspecified,BRAZIL,2020-09-27,1,World Health Organization COVID-19 Dashboard,31911,"208,660,842",15.2932
COVID-19,Unspecified,BRAZIL,2020-09-28,1,World Health Organization COVID-19 Dashboard,28378,"208,660,842",13.6001
COVID-19,Unspecified,BRAZIL,2020-09-29,1,World Health Organization COVID-19 Dashboard,14318,"208,660,842",6.8619
COVID-19,Unspecified,BRAZIL,2020-09-30,1,World Health Organization COVID-19 Dashboard,13155,"208,660,842",6.3045
COVID-19,Unspecified,BRAZIL,2020-10-01,1,World Health Organization COVID-19 Dashboard,32058,"208,660,842",15.3637
COVID-19,Unspecified,BRAZIL,2020-10-02,1,World Health Organization COVID-19 Dashboard,33413,"208,660,842",16.0131
COVID-19,Unspecified,BRAZIL,2020-10-03,1,World Health Organization COVID-19 Dashboard,36157,"208,660,842",17.3281
COVID-19,Unspecified,BRAZIL,2020-10-04,1,World Health Organization COVID-19 Dashboard,33431,"208,660,842",16.0217
COVID-19,Unspecified,BRAZIL,2020-10-05,1,World Health Organization COVID-19 Dashboard,26310,"208,660,842",12.6090
COVID-19,Unspecified,BRAZIL,2020-10-06,1,World Health Organization COVID-19 Dashboard,8456,"208,660,842",4.0525
COVID-19,Unspecified,BRAZIL,2020-10-07,1,World Health Organization COVID-19 Dashboard,11946,"208,660,842",5.7251
COVID-19,Unspecified,BRAZIL,2020-10-08,1,World Health Organization COVID-19 Dashboard,41906,"208,660,842",20.0833
COVID-19,Unspecified,BRAZIL,2020-10-09,1,World Health Organization COVID-19 Dashboard,31553,"208,660,842",15.1217
COVID-19,Unspecified,BRAZIL,2020-10-10,1,World Health Organization COVID-19 Dashboard,27750,"208,660,842",13.2991
COVID-19,Unspecified,BRAZIL,2020-10-11,1,World Health Organization COVID-19 Dashboard,27444,"208,660,842",13.1524
COVID-19,Unspecified,BRAZIL,2020-10-12,1,World Health Organization COVID-19 Dashboard,26749,"208,660,842",12.8194
COVID-19,Unspecified,BRAZIL,2020-10-13,1,World Health Organization COVID-19 Dashboard,12342,"208,660,842",5.9149
COVID-19,Unspecified,BRAZIL,2020-10-14,1,World Health Organization COVID-19 Dashboard,8429,"208,660,842",4.0396
COVID-19,Unspecified,BRAZIL,2020-10-15,1,World Health Organization COVID-19 Dashboard,10220,"208,660,842",4.8979
COVID-19,Unspecified,BRAZIL,2020-10-16,1,World Health Organization COVID-19 Dashboard,27235,"208,660,842",13.0523
COVID-19,Unspecified,BRAZIL,2020-10-17,1,World Health Organization COVID-19 Dashboard,28523,"208,660,842",13.6696
COVID-19,Unspecified,BRAZIL,2020-10-18,1,World Health Organization COVID-19 Dashboard,30914,"208,660,842",14.8154
COVID-19,Unspecified,BRAZIL,2020-10-19,1,World Health Organization COVID-19 Dashboard,24062,"208,660,842",11.5316
COVID-19,Unspecified,BRAZIL,2020-10-20,1,World Health Organization COVID-19 Dashboard,10982,"208,660,842",5.2631
COVID-19,Unspecified,BRAZIL,2020-10-21,1,World Health Organization COVID-19 Dashboard,15383,"208,660,842",7.3723
COVID-19,Unspecified,BRAZIL,2020-10-22,1,World Health Organization COVID-19 Dashboard,23227,"208,660,842",11.1315
COVID-19,Unspecified,BRAZIL,2020-10-23,1,World Health Organization COVID-19 Dashboard,24818,"208,660,842",11.8939
COVID-19,Unspecified,BRAZIL,2020-10-24,1,World Health Organization COVID-19 Dashboard,24858,"208,660,842",11.9131
COVID-19,Unspecified,BRAZIL,2020-10-25,1,World Health Organization COVID-19 Dashboard,30026,"208,660,842",14.3899
COVID-19,Unspecified,BRAZIL,2020-10-26,1,World Health Organization COVID-19 Dashboard,26979,"208,660,842",12.9296
COVID-19,Unspecified,BRAZIL,2020-10-27,1,World Health Organization COVID-19 Dashboard,13493,"208,660,842",6.4665
COVID-19,Unspecified,BRAZIL,2020-10-28,1,World Health Organization COVID-19 Dashboard,15726,"208,660,842",7.5366
COVID-19,Unspecified,BRAZIL,2020-10-29,1,World Health Organization COVID-19 Dashboard,29787,"208,660,842",14.2753
COVID-19,Unspecified,BRAZIL,2020-10-30,1,World Health Organization COVID-19 Dashboard,28629,"208,660,842",13.7204
COVID-19,Unspecified,BRAZIL,2020-10-31,1,World Health Organization COVID-19 Dashboard,26106,"208,660,842",12.5112
COVID-19,Unspecified,BRAZIL,2020-11-01,1,World Health Organization COVID-19 Dashboard,22282,"208,660,842",10.6786
COVID-19,Unspecified,BRAZIL,2020-11-02,1,World Health Organization COVID-19 Dashboard,18947,"208,660,842",9.0803
COVID-19,Unspecified,BRAZIL,2020-11-03,1,World Health Organization COVID-19 Dashboard,10100,"208,660,842",4.8404
COVID-19,Unspecified,BRAZIL,2020-11-04,1,World Health Organization COVID-19 Dashboard,8501,"208,660,842",4.0741
COVID-19,Unspecified,BRAZIL,2020-11-05,1,World Health Organization COVID-19 Dashboard,11843,"208,660,842",5.6757
COVID-19,Unspecified,BRAZIL,2020-11-06,1,World Health Organization COVID-19 Dashboard,23976,"208,660,842",11.4904
COVID-19,Unspecified,BRAZIL,2020-11-07,1,World Health Organization COVID-19 Dashboard,22294,"208,660,842",10.6843
COVID-19,Unspecified,BRAZIL,2020-11-08,1,World Health Organization COVID-19 Dashboard,18862,"208,660,842",9.0395
COVID-19,Unspecified,BRAZIL,2020-11-09,1,World Health Organization COVID-19 Dashboard,22380,"208,660,842",10.7255
COVID-19,Unspecified,BRAZIL,2020-11-10,1,World Health Organization COVID-19 Dashboard,10554,"208,660,842",5.0580
COVID-19,Unspecified,BRAZIL,2020-11-11,1,World Health Organization COVID-19 Dashboard,10917,"208,660,842",5.2319
COVID-19,Unspecified,BRAZIL,2020-11-12,1,World Health Organization COVID-19 Dashboard,25012,"208,660,842",11.9869
COVID-19,Unspecified,BRAZIL,2020-11-13,1,World Health Organization COVID-19 Dashboard,48331,"208,660,842",23.1625
COVID-19,Unspecified,BRAZIL,2020-11-14,1,World Health Organization COVID-19 Dashboard,33207,"208,660,842",15.9143
COVID-19,Unspecified,BRAZIL,2020-11-15,1,World Health Organization COVID-19 Dashboard,29070,"208,660,842",13.9317
COVID-19,Unspecified,BRAZIL,2020-11-16,1,World Health Organization COVID-19 Dashboard,38307,"208,660,842",18.3585
COVID-19,Unspecified,BRAZIL,2020-11-17,1,World Health Organization COVID-19 Dashboard,14134,"208,660,842",6.7737
COVID-19,Unspecified,BRAZIL,2020-11-18,1,World Health Organization COVID-19 Dashboard,13371,"208,660,842",6.4080
COVID-19,Unspecified,BRAZIL,2020-11-19,1,World Health Organization COVID-19 Dashboard,35294,"208,660,842",16.9145
COVID-19,Unspecified,BRAZIL,2020-11-20,1,World Health Organization COVID-19 Dashboard,34091,"208,660,842",16.3380
COVID-19,Unspecified,BRAZIL,2020-11-21,1,World Health Organization COVID-19 Dashboard,35918,"208,660,842",17.2136
COVID-19,Unspecified,BRAZIL,2020-11-22,1,World Health Organization COVID-19 Dashboard,38397,"208,660,842",18.4016
COVID-19,Unspecified,BRAZIL,2020-11-23,1,World Health Organization COVID-19 Dashboard,32622,"208,660,842",15.6340
COVID-19,Unspecified,BRAZIL,2020-11-24,1,World Health Organization COVID-19 Dashboard,18615,"208,660,842",8.9212
COVID-19,Unspecified,BRAZIL,2020-11-25,1,World Health Organization COVID-19 Dashboard,16207,"208,660,842",7.7671
COVID-19,Unspecified,BRAZIL,2020-11-26,1,World Health Organization COVID-19 Dashboard,31100,"208,660,842",14.9046
COVID-19,Unspecified,BRAZIL,2020-11-27,1,World Health Organization COVID-19 Dashboard,47898,"208,660,842",22.9550
COVID-19,Unspecified,BRAZIL,2020-11-28,1,World Health Organization COVID-19 Dashboard,37614,"208,660,842",18.0264
COVID-19,Unspecified,BRAZIL,2020-11-29,1,World Health Organization COVID-19 Dashboard,34130,"208,660,842",16.3567
COVID-19,Unspecified,BRAZIL,2020-11-30,1,World Health Organization COVID-19 Dashboard,51922,"208,660,842",24.8834
COVID-19,Unspecified,BRAZIL,2020-12-01,1,World Health Organization COVID-19 Dashboard,24468,"208,660,842",11.7262
COVID-19,Unspecified,BRAZIL,2020-12-02,1,World Health Organization COVID-19 Dashboard,21138,"208,660,842",10.1303
COVID-19,Unspecified,BRAZIL,2020-12-03,1,World Health Organization COVID-19 Dashboard,50909,"208,660,842",24.3980
COVID-19,Unspecified,BRAZIL,2020-12-04,1,World Health Organization COVID-19 Dashboard,49863,"208,660,842",23.8967
COVID-19,Unspecified,BRAZIL,2020-12-05,1,World Health Organization COVID-19 Dashboard,50434,"208,660,842",24.1703
COVID-19,Unspecified,BRAZIL,2020-12-06,1,World Health Organization COVID-19 Dashboard,46884,"208,660,842",22.4690
COVID-19,Unspecified,BRAZIL,2020-12-07,1,World Health Organization COVID-19 Dashboard,43209,"208,660,842",20.7078
COVID-19,Unspecified,BRAZIL,2020-12-08,1,World Health Organization COVID-19 Dashboard,26363,"208,660,842",12.6344
COVID-19,Unspecified,BRAZIL,2020-12-09,1,World Health Organization COVID-19 Dashboard,20371,"208,660,842",9.7627
COVID-19,Unspecified,BRAZIL,2020-12-10,1,World Health Organization COVID-19 Dashboard,51088,"208,660,842",24.4838
COVID-19,Unspecified,BRAZIL,2020-12-11,1,World Health Organization COVID-19 Dashboard,53453,"208,660,842",25.6172
COVID-19,Unspecified,BRAZIL,2020-12-12,1,World Health Organization COVID-19 Dashboard,53347,"208,660,842",25.5664
COVID-19,Unspecified,BRAZIL,2020-12-13,1,World Health Organization COVID-19 Dashboard,54428,"208,660,842",26.0844
COVID-19,Unspecified,BRAZIL,2020-12-14,1,World Health Organization COVID-19 Dashboard,43900,"208,660,842",21.0389
COVID-19,Unspecified,BRAZIL,2020-12-15,1,World Health Organization COVID-19 Dashboard,21825,"208,660,842",10.4596
COVID-19,Unspecified,BRAZIL,2020-12-16,1,World Health Organization COVID-19 Dashboard,25193,"208,660,842",12.0737
COVID-19,Unspecified,BRAZIL,2020-12-17,1,World Health Organization COVID-19 Dashboard,42889,"208,660,842",20.5544
COVID-19,Unspecified,BRAZIL,2020-12-18,1,World Health Organization COVID-19 Dashboard,70574,"208,660,842",33.8223
COVID-19,Unspecified,BRAZIL,2020-12-19,1,World Health Organization COVID-19 Dashboard,69826,"208,660,842",33.4639
COVID-19,Unspecified,BRAZIL,2020-12-20,1,World Health Organization COVID-19 Dashboard,52544,"208,660,842",25.1815
COVID-19,Unspecified,BRAZIL,2020-12-21,1,World Health Organization COVID-19 Dashboard,50177,"208,660,842",24.0472
COVID-19,Unspecified,BRAZIL,2020-12-22,1,World Health Organization COVID-19 Dashboard,25445,"208,660,842",12.1944
COVID-19,Unspecified,BRAZIL,2020-12-23,1,World Health Organization COVID-19 Dashboard,25019,"208,660,842",11.9903
COVID-19,Unspecified,BRAZIL,2020-12-24,1,World Health Organization COVID-19 Dashboard,55202,"208,660,842",26.4554
COVID-19,Unspecified,BRAZIL,2020-12-25,1,World Health Organization COVID-19 Dashboard,46696,"208,660,842",22.3789
COVID-19,Unspecified,BRAZIL,2020-12-26,1,World Health Organization COVID-19 Dashboard,60076,"208,660,842",28.7912
COVID-19,Unspecified,BRAZIL,2020-12-27,1,World Health Organization COVID-19 Dashboard,22967,"208,660,842",11.0069
COVID-19,Unspecified,BRAZIL,2020-12-28,1,World Health Organization COVID-19 Dashboard,17246,"208,660,842",8.2651
COVID-19,Unspecified,BRAZIL,2020-12-29,1,World Health Organization COVID-19 Dashboard,18479,"208,660,842",8.8560
COVID-19,Unspecified,BRAZIL,2020-12-30,1,World Health Organization COVID-19 Dashboard,20548,"208,660,842",9.8476
COVID-19,Unspecified,BRAZIL,2020-12-31,1,World Health Organization COVID-19 Dashboard,58718,"208,660,842",28.1404
COVID-19,Unspecified,BRAZIL,2021-01-01,1,World Health Organization COVID-19 Dashboard,55649,209550294,26.5564
COVID-19,Unspecified,BRAZIL,2021-01-02,1,World Health Organization COVID-19 Dashboard,56773,209550294,27.0928
COVID-19,Unspecified,BRAZIL,2021-01-03,1,World Health Organization COVID-19 Dashboard,24605,209550294,11.7418
COVID-19,Unspecified,BRAZIL,2021-01-04,1,World Health Organization COVID-19 Dashboard,15827,209550294,7.5528
COVID-19,Unspecified,BRAZIL,2021-01-05,1,World Health Organization COVID-19 Dashboard,17341,209550294,8.2753
COVID-19,Unspecified,BRAZIL,2021-01-06,1,World Health Organization COVID-19 Dashboard,20006,209550294,9.5471
COVID-19,Unspecified,BRAZIL,2021-01-07,1,World Health Organization COVID-19 Dashboard,56648,209550294,27.0331
COVID-19,Unspecified,BRAZIL,2021-01-08,1,World Health Organization COVID-19 Dashboard,63430,209550294,30.2696
COVID-19,Unspecified,BRAZIL,2021-01-09,1,World Health Organization COVID-19 Dashboard,87843,209550294,41.9198
COVID-19,Unspecified,BRAZIL,2021-01-10,1,World Health Organization COVID-19 Dashboard,52035,209550294,24.8317
COVID-19,Unspecified,BRAZIL,2021-01-11,1,World Health Organization COVID-19 Dashboard,62290,209550294,29.7256
COVID-19,Unspecified,BRAZIL,2021-01-12,1,World Health Organization COVID-19 Dashboard,29792,209550294,14.2171
COVID-19,Unspecified,BRAZIL,2021-01-13,1,World Health Organization COVID-19 Dashboard,25822,209550294,12.3226
COVID-19,Unspecified,BRAZIL,2021-01-14,1,World Health Organization COVID-19 Dashboard,64025,209550294,30.5535
COVID-19,Unspecified,BRAZIL,2021-01-15,1,World Health Organization COVID-19 Dashboard,60899,209550294,29.0618
COVID-19,Unspecified,BRAZIL,2021-01-16,1,World Health Organization COVID-19 Dashboard,67758,209550294,32.3350
COVID-19,Unspecified,BRAZIL,2021-01-17,1,World Health Organization COVID-19 Dashboard,69198,209550294,33.0221
COVID-19,Unspecified,BRAZIL,2021-01-18,1,World Health Organization COVID-19 Dashboard,61567,209550294,29.3805
COVID-19,Unspecified,BRAZIL,2021-01-19,1,World Health Organization COVID-19 Dashboard,33040,209550294,15.7671
COVID-19,Unspecified,BRAZIL,2021-01-20,1,World Health Organization COVID-19 Dashboard,23671,209550294,11.2961
COVID-19,Unspecified,BRAZIL,2021-01-21,1,World Health Organization COVID-19 Dashboard,62094,209550294,29.6320
COVID-19,Unspecified,BRAZIL,2021-01-22,1,World Health Organization COVID-19 Dashboard,64385,209550294,30.7253
COVID-19,Unspecified,BRAZIL,2021-01-23,1,World Health Organization COVID-19 Dashboard,59119,209550294,28.2123
COVID-19,Unspecified,BRAZIL,2021-01-24,1,World Health Organization COVID-19 Dashboard,56552,209550294,26.9873
COVID-19,Unspecified,BRAZIL,2021-01-25,1,World Health Organization COVID-19 Dashboard,62334,209550294,29.7466
COVID-19,Unspecified,BRAZIL,2021-01-26,1,World Health Organization COVID-19 Dashboard,28323,209550294,13.5161
COVID-19,Unspecified,BRAZIL,2021-01-27,1,World Health Organization COVID-19 Dashboard,26816,209550294,12.7969
COVID-19,Unspecified,BRAZIL,2021-01-28,1,World Health Organization COVID-19 Dashboard,61963,209550294,29.5695
COVID-19,Unspecified,BRAZIL,2021-01-29,1,World Health Organization COVID-19 Dashboard,63520,209550294,30.3125
COVID-19,Unspecified,BRAZIL,2021-01-30,1,World Health Organization COVID-19 Dashboard,61811,209550294,29.4970
COVID-19,Unspecified,BRAZIL,2021-01-31,1,World Health Organization COVID-19 Dashboard,59826,209550294,28.5497
COVID-19,Unspecified,BRAZIL,2021-02-01,1,World Health Organization COVID-19 Dashboard,58462,209550294,27.8988
COVID-19,Unspecified,BRAZIL,2021-02-02,1,World Health Organization COVID-19 Dashboard,27756,209550294,13.2455
COVID-19,Unspecified,BRAZIL,2021-02-03,1,World Health Organization COVID-19 Dashboard,24591,209550294,11.7351
COVID-19,Unspecified,BRAZIL,2021-02-04,1,World Health Organization COVID-19 Dashboard,54096,209550294,25.8153
COVID-19,Unspecified,BRAZIL,2021-02-05,1,World Health Organization COVID-19 Dashboard,56002,209550294,26.7248
COVID-19,Unspecified,BRAZIL,2021-02-06,1,World Health Organization COVID-19 Dashboard,56873,209550294,27.1405
COVID-19,Unspecified,BRAZIL,2021-02-07,1,World Health Organization COVID-19 Dashboard,50872,209550294,24.2767
COVID-19,Unspecified,BRAZIL,2021-02-08,1,World Health Organization COVID-19 Dashboard,50630,209550294,24.1613
COVID-19,Unspecified,BRAZIL,2021-02-09,1,World Health Organization COVID-19 Dashboard,26845,209550294,12.8108
COVID-19,Unspecified,BRAZIL,2021-02-10,1,World Health Organization COVID-19 Dashboard,23439,209550294,11.1854
COVID-19,Unspecified,BRAZIL,2021-02-11,1,World Health Organization COVID-19 Dashboard,51486,209550294,24.5698
COVID-19,Unspecified,BRAZIL,2021-02-12,1,World Health Organization COVID-19 Dashboard,59602,209550294,28.4428
COVID-19,Unspecified,BRAZIL,2021-02-13,1,World Health Organization COVID-19 Dashboard,54742,209550294,26.1236
COVID-19,Unspecified,BRAZIL,2021-02-14,1,World Health Organization COVID-19 Dashboard,51546,209550294,24.5984
COVID-19,Unspecified,BRAZIL,2021-02-15,1,World Health Organization COVID-19 Dashboard,44299,209550294,21.1400
COVID-19,Unspecified,BRAZIL,2021-02-16,1,World Health Organization COVID-19 Dashboard,24759,209550294,11.8153
COVID-19,Unspecified,BRAZIL,2021-02-17,1,World Health Organization COVID-19 Dashboard,32197,209550294,15.3648
COVID-19,Unspecified,BRAZIL,2021-02-18,1,World Health Organization COVID-19 Dashboard,55271,209550294,26.3760
COVID-19,Unspecified,BRAZIL,2021-02-19,1,World Health Organization COVID-19 Dashboard,56766,209550294,27.0894
COVID-19,Unspecified,BRAZIL,2021-02-20,1,World Health Organization COVID-19 Dashboard,51879,209550294,24.7573
COVID-19,Unspecified,BRAZIL,2021-02-21,1,World Health Organization COVID-19 Dashboard,51050,209550294,24.3617
COVID-19,Unspecified,BRAZIL,2021-02-22,1,World Health Organization COVID-19 Dashboard,57472,209550294,27.4264
COVID-19,Unspecified,BRAZIL,2021-02-23,1,World Health Organization COVID-19 Dashboard,29026,209550294,13.8516
COVID-19,Unspecified,BRAZIL,2021-02-24,1,World Health Organization COVID-19 Dashboard,26986,209550294,12.8781
COVID-19,Unspecified,BRAZIL,2021-02-25,1,World Health Organization COVID-19 Dashboard,62715,209550294,29.9284
COVID-19,Unspecified,BRAZIL,2021-02-26,1,World Health Organization COVID-19 Dashboard,66588,209550294,31.7766
COVID-19,Unspecified,BRAZIL,2021-02-27,1,World Health Organization COVID-19 Dashboard,65998,209550294,31.4951
COVID-19,Unspecified,BRAZIL,2021-02-28,1,World Health Organization COVID-19 Dashboard,65169,209550294,31.0995
COVID-19,Unspecified,BRAZIL,2021-03-01,1,World Health Organization COVID-19 Dashboard,61602,209550294,29.3972
COVID-19,Unspecified,BRAZIL,2021-03-02,1,World Health Organization COVID-19 Dashboard,34027,209550294,16.2381
COVID-19,Unspecified,BRAZIL,2021-03-03,1,World Health Organization COVID-19 Dashboard,35742,209550294,17.0565
COVID-19,Unspecified,BRAZIL,2021-03-04,1,World Health Organization COVID-19 Dashboard,59925,209550294,28.5970
COVID-19,Unspecified,BRAZIL,2021-03-05,1,World Health Organization COVID-19 Dashboard,71704,209550294,34.2180
COVID-19,Unspecified,BRAZIL,2021-03-06,1,World Health Organization COVID-19 Dashboard,75102,209550294,35.8396
COVID-19,Unspecified,BRAZIL,2021-03-07,1,World Health Organization COVID-19 Dashboard,75495,209550294,36.0272
COVID-19,Unspecified,BRAZIL,2021-03-08,1,World Health Organization COVID-19 Dashboard,69609,209550294,33.2183
COVID-19,Unspecified,BRAZIL,2021-03-09,1,World Health Organization COVID-19 Dashboard,80508,209550294,38.4194
COVID-19,Unspecified,BRAZIL,2021-03-10,1,World Health Organization COVID-19 Dashboard,32321,209550294,15.4240
COVID-19,Unspecified,BRAZIL,2021-03-11,1,World Health Organization COVID-19 Dashboard,70764,209550294,33.7695
COVID-19,Unspecified,BRAZIL,2021-03-12,1,World Health Organization COVID-19 Dashboard,79876,209550294,38.1178
COVID-19,Unspecified,BRAZIL,2021-03-13,1,World Health Organization COVID-19 Dashboard,75412,209550294,35.9875
COVID-19,Unspecified,BRAZIL,2021-03-14,1,World Health Organization COVID-19 Dashboard,85663,209550294,40.8794
COVID-19,Unspecified,BRAZIL,2021-03-15,1,World Health Organization COVID-19 Dashboard,76178,209550294,36.3531
COVID-19,Unspecified,BRAZIL,2021-03-16,1,World Health Organization COVID-19 Dashboard,43812,209550294,20.9076
COVID-19,Unspecified,BRAZIL,2021-03-17,1,World Health Organization COVID-19 Dashboard,36239,209550294,17.2937
COVID-19,Unspecified,BRAZIL,2021-03-18,1,World Health Organization COVID-19 Dashboard,83926,209550294,40.0505
COVID-19,Unspecified,BRAZIL,2021-03-19,1,World Health Organization COVID-19 Dashboard,90303,209550294,43.0937
COVID-19,Unspecified,BRAZIL,2021-03-20,1,World Health Organization COVID-19 Dashboard,86982,209550294,41.5089
COVID-19,Unspecified,BRAZIL,2021-03-21,1,World Health Organization COVID-19 Dashboard,90570,209550294,43.2211
COVID-19,Unspecified,BRAZIL,2021-03-22,1,World Health Organization COVID-19 Dashboard,79069,209550294,37.7327
COVID-19,Unspecified,BRAZIL,2021-03-23,1,World Health Organization COVID-19 Dashboard,47774,209550294,22.7983
COVID-19,Unspecified,BRAZIL,2021-03-24,1,World Health Organization COVID-19 Dashboard,49293,209550294,23.5232
COVID-19,Unspecified,BRAZIL,2021-03-25,1,World Health Organization COVID-19 Dashboard,82493,209550294,39.3667
COVID-19,Unspecified,BRAZIL,2021-03-26,1,World Health Organization COVID-19 Dashboard,89992,209550294,42.9453
COVID-19,Unspecified,BRAZIL,2021-03-27,1,World Health Organization COVID-19 Dashboard,100158,209550294,47.7966
COVID-19,Unspecified,BRAZIL,2021-03-28,1,World Health Organization COVID-19 Dashboard,84245,209550294,40.2028
COVID-19,Unspecified,BRAZIL,2021-03-29,1,World Health Organization COVID-19 Dashboard,85948,209550294,41.0155
COVID-19,Unspecified,BRAZIL,2021-03-30,1,World Health Organization COVID-19 Dashboard,44326,209550294,21.1529
COVID-19,Unspecified,BRAZIL,2021-03-31,1,World Health Organization COVID-19 Dashboard,38927,209550294,18.5764
COVID-19,Unspecified,BRAZIL,2021-04-01,1,World Health Organization COVID-19 Dashboard,84494,209550294,40.3216
COVID-19,Unspecified,BRAZIL,2021-04-02,1,World Health Organization COVID-19 Dashboard,90638,209550294,43.2536
COVID-19,Unspecified,BRAZIL,2021-04-03,1,World Health Organization COVID-19 Dashboard,91097,209550294,43.4726
COVID-19,Unspecified,BRAZIL,2021-04-04,1,World Health Organization COVID-19 Dashboard,70238,209550294,33.5184
COVID-19,Unspecified,BRAZIL,2021-04-05,1,World Health Organization COVID-19 Dashboard,43515,209550294,20.7659
COVID-19,Unspecified,BRAZIL,2021-04-06,1,World Health Organization COVID-19 Dashboard,31359,209550294,14.9649
COVID-19,Unspecified,BRAZIL,2021-04-07,1,World Health Organization COVID-19 Dashboard,28645,209550294,13.6697
COVID-19,Unspecified,BRAZIL,2021-04-08,1,World Health Organization COVID-19 Dashboard,86979,209550294,41.5075
COVID-19,Unspecified,BRAZIL,2021-04-09,1,World Health Organization COVID-19 Dashboard,92625,209550294,44.2018
COVID-19,Unspecified,BRAZIL,2021-04-10,1,World Health Organization COVID-19 Dashboard,86652,209550294,41.3514
COVID-19,Unspecified,BRAZIL,2021-04-11,1,World Health Organization COVID-19 Dashboard,93317,209550294,44.5320
COVID-19,Unspecified,BRAZIL,2021-04-12,1,World Health Organization COVID-19 Dashboard,71832,209550294,34.2791
COVID-19,Unspecified,BRAZIL,2021-04-13,1,World Health Organization COVID-19 Dashboard,37017,209550294,17.6650
COVID-19,Unspecified,BRAZIL,2021-04-14,1,World Health Organization COVID-19 Dashboard,35785,209550294,17.0770
COVID-19,Unspecified,BRAZIL,2021-04-15,1,World Health Organization COVID-19 Dashboard,82186,209550294,39.2202
COVID-19,Unspecified,BRAZIL,2021-04-16,1,World Health Organization COVID-19 Dashboard,73513,209550294,35.0813
COVID-19,Unspecified,BRAZIL,2021-04-17,1,World Health Organization COVID-19 Dashboard,73174,209550294,34.9195
COVID-19,Unspecified,BRAZIL,2021-04-18,1,World Health Organization COVID-19 Dashboard,85774,209550294,40.9324
COVID-19,Unspecified,BRAZIL,2021-04-19,1,World Health Organization COVID-19 Dashboard,67636,209550294,32.2767
COVID-19,Unspecified,BRAZIL,2021-04-20,1,World Health Organization COVID-19 Dashboard,42980,209550294,20.5106
COVID-19,Unspecified,BRAZIL,2021-04-21,1,World Health Organization COVID-19 Dashboard,30624,209550294,14.6142
COVID-19,Unspecified,BRAZIL,2021-04-22,1,World Health Organization COVID-19 Dashboard,69381,209550294,33.1095
COVID-19,Unspecified,BRAZIL,2021-04-23,1,World Health Organization COVID-19 Dashboard,79719,209550294,38.0429
COVID-19,Unspecified,BRAZIL,2021-04-24,1,World Health Organization COVID-19 Dashboard,45178,209550294,21.5595
COVID-19,Unspecified,BRAZIL,2021-04-25,1,World Health Organization COVID-19 Dashboard,69105,209550294,32.9778
COVID-19,Unspecified,BRAZIL,2021-04-26,1,World Health Organization COVID-19 Dashboard,71137,209550294,33.9475
COVID-19,Unspecified,BRAZIL,2021-04-27,1,World Health Organization COVID-19 Dashboard,32572,209550294,15.5438
COVID-19,Unspecified,BRAZIL,2021-04-28,1,World Health Organization COVID-19 Dashboard,28636,209550294,13.6655
COVID-19,Unspecified,BRAZIL,2021-04-29,1,World Health Organization COVID-19 Dashboard,72140,209550294,34.4261
COVID-19,Unspecified,BRAZIL,2021-04-30,1,World Health Organization COVID-19 Dashboard,79726,209550294,38.0462
COVID-19,Unspecified,BRAZIL,2021-05-01,1,World Health Organization COVID-19 Dashboard,69389,209550294,33.1133
COVID-19,Unspecified,BRAZIL,2021-05-02,1,World Health Organization COVID-19 Dashboard,68333,209550294,32.6094
COVID-19,Unspecified,BRAZIL,2021-05-03,1,World Health Organization COVID-19 Dashboard,66964,209550294,31.9561
COVID-19,Unspecified,BRAZIL,2021-05-04,1,World Health Organization COVID-19 Dashboard,28935,209550294,13.8081
COVID-19,Unspecified,BRAZIL,2021-05-05,1,World Health Organization COVID-19 Dashboard,24619,209550294,11.7485
COVID-19,Unspecified,BRAZIL,2021-05-06,1,World Health Organization COVID-19 Dashboard,77359,209550294,36.9167
COVID-19,Unspecified,BRAZIL,2021-05-07,1,World Health Organization COVID-19 Dashboard,73295,209550294,34.9773
COVID-19,Unspecified,BRAZIL,2021-05-08,1,World Health Organization COVID-19 Dashboard,73380,209550294,35.0178
COVID-19,Unspecified,BRAZIL,2021-05-09,1,World Health Organization COVID-19 Dashboard,78886,209550294,37.6454
COVID-19,Unspecified,BRAZIL,2021-05-10,1,World Health Organization COVID-19 Dashboard,63430,209550294,30.2696
COVID-19,Unspecified,BRAZIL,2021-05-11,1,World Health Organization COVID-19 Dashboard,38911,209550294,18.5688
COVID-19,Unspecified,BRAZIL,2021-05-12,1,World Health Organization COVID-19 Dashboard,25200,209550294,12.0258
COVID-19,Unspecified,BRAZIL,2021-05-13,1,World Health Organization COVID-19 Dashboard,72715,209550294,34.7005
COVID-19,Unspecified,BRAZIL,2021-05-14,1,World Health Organization COVID-19 Dashboard,76692,209550294,36.5984
COVID-19,Unspecified,BRAZIL,2021-05-15,1,World Health Organization COVID-19 Dashboard,74592,209550294,35.5962
COVID-19,Unspecified,BRAZIL,2021-05-16,1,World Health Organization COVID-19 Dashboard,85536,209550294,40.8188
COVID-19,Unspecified,BRAZIL,2021-05-17,1,World Health Organization COVID-19 Dashboard,67009,209550294,31.9775
COVID-19,Unspecified,BRAZIL,2021-05-18,1,World Health Organization COVID-19 Dashboard,40941,209550294,19.5376
COVID-19,Unspecified,BRAZIL,2021-05-19,1,World Health Organization COVID-19 Dashboard,29916,209550294,14.2763
COVID-19,Unspecified,BRAZIL,2021-05-20,1,World Health Organization COVID-19 Dashboard,75445,209550294,36.0033
COVID-19,Unspecified,BRAZIL,2021-05-21,1,World Health Organization COVID-19 Dashboard,79219,209550294,37.8043
COVID-19,Unspecified,BRAZIL,2021-05-22,1,World Health Organization COVID-19 Dashboard,82039,209550294,39.1500
COVID-19,Unspecified,BRAZIL,2021-05-23,1,World Health Organization COVID-19 Dashboard,76855,209550294,36.6762
COVID-19,Unspecified,BRAZIL,2021-05-24,1,World Health Organization COVID-19 Dashboard,76490,209550294,36.5020
COVID-19,Unspecified,BRAZIL,2021-05-25,1,World Health Organization COVID-19 Dashboard,35819,209550294,17.0933
COVID-19,Unspecified,BRAZIL,2021-05-26,1,World Health Organization COVID-19 Dashboard,37498,209550294,17.8945
COVID-19,Unspecified,BRAZIL,2021-05-27,1,World Health Organization COVID-19 Dashboard,73453,209550294,35.0527
COVID-19,Unspecified,BRAZIL,2021-05-28,1,World Health Organization COVID-19 Dashboard,80486,209550294,38.4089
COVID-19,Unspecified,BRAZIL,2021-05-29,1,World Health Organization COVID-19 Dashboard,67467,209550294,32.1961
COVID-19,Unspecified,BRAZIL,2021-05-30,1,World Health Organization COVID-19 Dashboard,49768,209550294,23.7499
COVID-19,Unspecified,BRAZIL,2021-05-31,1,World Health Organization COVID-19 Dashboard,79670,209550294,38.0195
COVID-19,Unspecified,BRAZIL,2021-06-01,1,World Health Organization COVID-19 Dashboard,43520,209550294,20.7683
COVID-19,Unspecified,BRAZIL,2021-06-02,1,World Health Organization COVID-19 Dashboard,30434,209550294,14.5235
COVID-19,Unspecified,BRAZIL,2021-06-03,1,World Health Organization COVID-19 Dashboard,78926,209550294,37.6645
COVID-19,Unspecified,BRAZIL,2021-06-04,1,World Health Organization COVID-19 Dashboard,95601,209550294,45.6220
COVID-19,Unspecified,BRAZIL,2021-06-05,1,World Health Organization COVID-19 Dashboard,83391,209550294,39.7952
COVID-19,Unspecified,BRAZIL,2021-06-06,1,World Health Organization COVID-19 Dashboard,37936,209550294,18.1035
COVID-19,Unspecified,BRAZIL,2021-06-07,1,World Health Organization COVID-19 Dashboard,66017,209550294,31.5041
COVID-19,Unspecified,BRAZIL,2021-06-08,1,World Health Organization COVID-19 Dashboard,39637,209550294,18.9153
COVID-19,Unspecified,BRAZIL,2021-06-09,1,World Health Organization COVID-19 Dashboard,37156,209550294,17.7313
COVID-19,Unspecified,BRAZIL,2021-06-10,1,World Health Organization COVID-19 Dashboard,52911,209550294,25.2498
COVID-19,Unspecified,BRAZIL,2021-06-11,1,World Health Organization COVID-19 Dashboard,85748,209550294,40.9200
COVID-19,Unspecified,BRAZIL,2021-06-12,1,World Health Organization COVID-19 Dashboard,88092,209550294,42.0386
COVID-19,Unspecified,BRAZIL,2021-06-13,1,World Health Organization COVID-19 Dashboard,85149,209550294,40.6342
COVID-19,Unspecified,BRAZIL,2021-06-14,1,World Health Organization COVID-19 Dashboard,78700,209550294,37.5566
COVID-19,Unspecified,BRAZIL,2021-06-15,1,World Health Organization COVID-19 Dashboard,37948,209550294,18.1093
COVID-19,Unspecified,BRAZIL,2021-06-16,1,World Health Organization COVID-19 Dashboard,39846,209550294,19.0150
COVID-19,Unspecified,BRAZIL,2021-06-17,1,World Health Organization COVID-19 Dashboard,80609,209550294,38.4676
COVID-19,Unspecified,BRAZIL,2021-06-18,1,World Health Organization COVID-19 Dashboard,95367,209550294,45.5103
COVID-19,Unspecified,BRAZIL,2021-06-19,1,World Health Organization COVID-19 Dashboard,74042,209550294,35.3338
COVID-19,Unspecified,BRAZIL,2021-06-20,1,World Health Organization COVID-19 Dashboard,98832,209550294,47.1639
COVID-19,Unspecified,BRAZIL,2021-06-21,1,World Health Organization COVID-19 Dashboard,82288,209550294,39.2689
COVID-19,Unspecified,BRAZIL,2021-06-22,1,World Health Organization COVID-19 Dashboard,44178,209550294,21.0823
COVID-19,Unspecified,BRAZIL,2021-06-23,1,World Health Organization COVID-19 Dashboard,38903,209550294,18.5650
COVID-19,Unspecified,BRAZIL,2021-06-24,1,World Health Organization COVID-19 Dashboard,87822,209550294,41.9097
COVID-19,Unspecified,BRAZIL,2021-06-25,1,World Health Organization COVID-19 Dashboard,115228,209550294,54.9882
COVID-19,Unspecified,BRAZIL,2021-06-26,1,World Health Organization COVID-19 Dashboard,73602,209550294,35.1238
COVID-19,Unspecified,BRAZIL,2021-06-27,1,World Health Organization COVID-19 Dashboard,79277,209550294,37.8320
COVID-19,Unspecified,BRAZIL,2021-06-28,1,World Health Organization COVID-19 Dashboard,64134,209550294,30.6055
COVID-19,Unspecified,BRAZIL,2021-06-29,1,World Health Organization COVID-19 Dashboard,33704,209550294,16.0840
COVID-19,Unspecified,BRAZIL,2021-06-30,1,World Health Organization COVID-19 Dashboard,27804,209550294,13.2684
COVID-19,Unspecified,BRAZIL,2021-07-01,1,World Health Organization COVID-19 Dashboard,64903,209550294,30.9725
COVID-19,Unspecified,BRAZIL,2021-07-02,1,World Health Organization COVID-19 Dashboard,43836,209550294,20.9191
COVID-19,Unspecified,BRAZIL,2021-07-03,1,World Health Organization COVID-19 Dashboard,65163,209550294,31.0966
COVID-19,Unspecified,BRAZIL,2021-07-04,1,World Health Organization COVID-19 Dashboard,65165,209550294,31.0975
COVID-19,Unspecified,BRAZIL,2021-07-05,1,World Health Organization COVID-19 Dashboard,54556,209550294,26.0348
COVID-19,Unspecified,BRAZIL,2021-07-06,1,World Health Organization COVID-19 Dashboard,27783,209550294,13.2584
COVID-19,Unspecified,BRAZIL,2021-07-07,1,World Health Organization COVID-19 Dashboard,22703,209550294,10.8342
COVID-19,Unspecified,BRAZIL,2021-07-08,1,World Health Organization COVID-19 Dashboard,62504,209550294,29.8277
COVID-19,Unspecified,BRAZIL,2021-07-09,1,World Health Organization COVID-19 Dashboard,54022,209550294,25.7800
COVID-19,Unspecified,BRAZIL,2021-07-10,1,World Health Organization COVID-19 Dashboard,53725,209550294,25.6382
COVID-19,Unspecified,BRAZIL,2021-07-11,1,World Health Organization COVID-19 Dashboard,57737,209550294,27.5528
COVID-19,Unspecified,BRAZIL,2021-07-12,1,World Health Organization COVID-19 Dashboard,48504,209550294,23.1467
COVID-19,Unspecified,BRAZIL,2021-07-13,1,World Health Organization COVID-19 Dashboard,20937,209550294,9.9914
COVID-19,Unspecified,BRAZIL,2021-07-14,1,World Health Organization COVID-19 Dashboard,17031,209550294,8.1274
COVID-19,Unspecified,BRAZIL,2021-07-15,1,World Health Organization COVID-19 Dashboard,45022,209550294,21.4851
COVID-19,Unspecified,BRAZIL,2021-07-16,1,World Health Organization COVID-19 Dashboard,57736,209550294,27.5523
COVID-19,Unspecified,BRAZIL,2021-07-17,1,World Health Organization COVID-19 Dashboard,52789,209550294,25.1916
COVID-19,Unspecified,BRAZIL,2021-07-18,1,World Health Organization COVID-19 Dashboard,45591,209550294,21.7566
COVID-19,Unspecified,BRAZIL,2021-07-19,1,World Health Organization COVID-19 Dashboard,34339,209550294,16.3870
COVID-19,Unspecified,BRAZIL,2021-07-20,1,World Health Organization COVID-19 Dashboard,34126,209550294,16.2854
COVID-19,Unspecified,BRAZIL,2021-07-21,1,World Health Organization COVID-19 Dashboard,15271,209550294,7.2875
COVID-19,Unspecified,BRAZIL,2021-07-22,1,World Health Organization COVID-19 Dashboard,27592,209550294,13.1672
COVID-19,Unspecified,BRAZIL,2021-07-23,1,World Health Organization COVID-19 Dashboard,54517,209550294,26.0162
COVID-19,Unspecified,BRAZIL,2021-07-24,1,World Health Organization COVID-19 Dashboard,49757,209550294,23.7447
COVID-19,Unspecified,BRAZIL,2021-07-25,1,World Health Organization COVID-19 Dashboard,108732,209550294,51.8883
COVID-19,Unspecified,BRAZIL,2021-07-26,1,World Health Organization COVID-19 Dashboard,38091,209550294,18.1775
COVID-19,Unspecified,BRAZIL,2021-07-27,1,World Health Organization COVID-19 Dashboard,18129,209550294,8.6514
COVID-19,Unspecified,BRAZIL,2021-07-28,1,World Health Organization COVID-19 Dashboard,18999,209550294,9.0666
COVID-19,Unspecified,BRAZIL,2021-07-29,1,World Health Organization COVID-19 Dashboard,41411,209550294,19.7618
COVID-19,Unspecified,BRAZIL,2021-07-30,1,World Health Organization COVID-19 Dashboard,48013,209550294,22.9124
COVID-19,Unspecified,BRAZIL,2021-07-31,1,World Health Organization COVID-19 Dashboard,42283,209550294,20.1780