ConditionName,Outcome,CountryName,Date,SourceName,CountValue,TotalPopulation,"Cases Per 100,000"
COVID-19,Unspecified,UNITED STATES OF AMERICA,2020-01-04,World Health Organization COVID-19 Dashboard,0,"339,436,159",0.0000
COVID-19,Unspecified,UNITED STATES OF AMERICA,2020-01-05,World Health Organization COVID-19 Dashboard,0,"339,436,159",0.0000
COVID-19,Unspecified,UNITED STATES OF AMERICA,2020-01-06,World Health Organization COVID-19 Dashboard,0,"339,436,159",0.0000
COVID-19,Unspecified,UNITED STATES OF AMERICA,2020-01-07,World Health Organization COVID-19 Dashboard,0,"339,436,159",0.0000
COVID-19,Unspecified,UNITED STATES OF AMERICA,2020-01-08,World Health Organization COVID-19 Dashboard,0,"339,436,159",0.0000
COVID-19,Unspecified,UNITED STATES OF AMERICA,2020-01-09,World Health Organization COVID-19 Dashboard,0,"339,436,159",0.0000
COVID-19,Unspecified,UNITED STATES OF AMERICA,2020-01-10,World Health Organization COVID-19 Dashboard,0,"339,436,159",0.0000
COVID-19,Unspecified,UNITED STATES OF AMERICA,2020-01-11,World Health Organization COVID-19 Dashboard,0,"339,436,159",0.0000
COVID-19,Unspecified,UNITED STATES OF AMERICA,2020-01-12,World Health Organization COVID-19 Dashboard,0,"339,436,159",0.0000
COVID-19,Unspecified,UNITED STATES OF AMERICA,2020-01-13,World Health Organization COVID-19 Dashboard,0,"339,436,159",0.0000
COVID-19,Unspecified,UNITED STATES OF AMERICA,2020-01-14,World Health Organization COVID-19 Dashboard,0,"339,436,159",0.0000
COVID-19,Unspecified,UNITED STATES OF AMERICA,2020-01-15,World Health Organization COVID-19 Dashboard,0,"339,436,159",0.0000
COVID-19,Unspecified,UNITED STATES OF AMERICA,2020-01-16,World Health Organization COVID-19 Dashboard,0,"339,436,159",0.0000
COVID-19,Unspecified,UNITED STATES OF AMERICA,2020-01-17,World Health Organization COVID-19 Dashboard,0,"339,436,159",0.0000
COVID-19,Unspecified,UNITED STATES OF AMERICA,2020-01-18,World Health Organization COVID-19 Dashboard,0,"339,436,159",0.0000
COVID-19,Unspecified,UNITED STATES OF AMERICA,2020-01-19,World Health Organization COVID-19 Dashboard,0,"339,436,159",0.0000
COVID-19,Unspecified,UNITED STATES OF AMERICA,2020-01-20,World Health Organization COVID-19 Dashboard,1,"339,436,159",0.0003
COVID-19,Unspecified,UNITED STATES OF AMERICA,2020-01-21,World Health Organization COVID-19 Dashboard,0,"339,436,159",0.0000
COVID-19,Unspecified,UNITED STATES OF AMERICA,2020-01-22,World Health Organization COVID-19 Dashboard,0,"339,436,159",0.0000
COVID-19,Unspecified,UNITED STATES OF AMERICA,2020-01-23,World Health Organization COVID-19 Dashboard,0,"339,436,159",0.0000
COVID-19,Unspecified,UNITED STATES OF AMERICA,2020-01-24,World Health Organization COVID-19 Dashboard,0,"339,436,159",0.0000
COVID-19,Unspecified,UNITED STATES OF AMERICA,2020-01-25,World Health Organization COVID-19 Dashboard,0,"339,436,159",0.0000
COVID-19,Unspecified,UNITED STATES OF AMERICA,2020-01-26,World Health Organization COVID-19 Dashboard,1,"339,436,159",0.0003
COVID-19,Unspecified,UNITED STATES OF AMERICA,2020-01-27,World Health Organization COVID-19 Dashboard,0,"339,436,159",0.0000
COVID-19,Unspecified,UNITED STATES OF AMERICA,2020-01-28,World Health Organization COVID-19 Dashboard,1,"339,436,159",0.0003
COVID-19,Unspecified,UNITED STATES OF AMERICA,2020-01-29,World Health Organization COVID-19 Dashboard,0,"339,436,159",0.0000
COVID-19,Unspecified,UNITED STATES OF AMERICA,2020-01-30,World Health Organization COVID-19 Dashboard,0,"339,436,159",0.0000
COVID-19,Unspecified,UNITED STATES OF AMERICA,2020-01-31,World Health Organization COVID-19 Dashboard,0,"339,436,159",0.0000
COVID-19,Unspecified,UNITED STATES OF AMERICA,2020-02-01,World Health Organization COVID-19 Dashboard,0,"339,436,159",0.0000
COVID-19,Unspecified,UNITED STATES OF AMERICA,2020-02-02,World Health Organization COVID-19 Dashboard,1,"339,436,159",0.0003
COVID-19,Unspecified,UNITED STATES OF AMERICA,2020-02-03,World Health Organization COVID-19 Dashboard,1,"339,436,159",0.0003
COVID-19,Unspecified,UNITED STATES OF AMERICA,2020-02-04,World Health Organization COVID-19 Dashboard,3,"339,436,159",0.0009
COVID-19,Unspecified,UNITED STATES OF AMERICA,2020-02-05,World Health Organization COVID-19 Dashboard,3,"339,436,159",0.0009
COVID-19,Unspecified,UNITED STATES OF AMERICA,2020-02-06,World Health Organization COVID-19 Dashboard,0,"339,436,159",0.0000
COVID-19,Unspecified,UNITED STATES OF AMERICA,2020-02-07,World Health Organization COVID-19 Dashboard,0,"339,436,159",0.0000
COVID-19,Unspecified,UNITED STATES OF AMERICA,2020-02-08,World Health Organization COVID-19 Dashboard,0,"339,436,159",0.0000
COVID-19,Unspecified,UNITED STATES OF AMERICA,2020-02-09,World Health Organization COVID-19 Dashboard,1,"339,436,159",0.0003
COVID-19,Unspecified,UNITED STATES OF AMERICA,2020-02-10,World Health Organization COVID-19 Dashboard,0,"339,436,159",0.0000
COVID-19,Unspecified,UNITED STATES OF AMERICA,2020-02-11,World Health Organization COVID-19 Dashboard,0,"339,436,159",0.0000
COVID-19,Unspecified,UNITED STATES OF AMERICA,2020-02-12,World Health Organization COVID-19 Dashboard,0,"339,436,159",0.0000
COVID-19,Unspecified,UNITED STATES OF AMERICA,2020-02-13,World Health Organization COVID-19 Dashboard,0,"339,436,159",0.0000
COVID-19,Unspecified,UNITED STATES OF AMERICA,2020-02-14,World Health Organization COVID-19 Dashboard,1,"339,436,159",0.0003
COVID-19,Unspecified,UNITED STATES OF AMERICA,2020-02-15,World Health Organization COVID-19 Dashboard,1,"339,436,159",0.0003
COVID-19,Unspecified,UNITED STATES OF AMERICA,2020-02-16,World Health Organization COVID-19 Dashboard,0,"339,436,159",0.0000
COVID-19,Unspecified,UNITED STATES OF AMERICA,2020-02-17,World Health Organization COVID-19 Dashboard,0,"339,436,159",0.0000
COVID-19,Unspecified,UNITED STATES OF AMERICA,2020-02-18,World Health Organization COVID-19 Dashboard,0,"339,436,159",0.0000
COVID-19,Unspecified,UNITED STATES OF AMERICA,2020-02-19,World Health Organization COVID-19 Dashboard,2,"339,436,159",0.0006
COVID-19,Unspecified,UNITED STATES OF AMERICA,2020-02-20,World Health Organization COVID-19 Dashboard,5,"339,436,159",0.0015
COVID-19,Unspecified,UNITED STATES OF AMERICA,2020-02-21,World Health Organization COVID-19 Dashboard,3,"339,436,159",0.0009
COVID-19,Unspecified,UNITED STATES OF AMERICA,2020-02-22,World Health Organization COVID-19 Dashboard,1,"339,436,159",0.0003
COVID-19,Unspecified,UNITED STATES OF AMERICA,2020-02-23,World Health Organization COVID-19 Dashboard,5,"339,436,159",0.0015
COVID-19,Unspecified,UNITED STATES OF AMERICA,2020-02-24,World Health Organization COVID-19 Dashboard,6,"339,436,159",0.0018
COVID-19,Unspecified,UNITED STATES OF AMERICA,2020-02-25,World Health Organization COVID-19 Dashboard,0,"339,436,159",0.0000
COVID-19,Unspecified,UNITED STATES OF AMERICA,2020-02-26,World Health Organization COVID-19 Dashboard,4,"339,436,159",0.0012
COVID-19,Unspecified,UNITED STATES OF AMERICA,2020-02-27,World Health Organization COVID-19 Dashboard,4,"339,436,159",0.0012
COVID-19,Unspecified,UNITED STATES OF AMERICA,2020-02-28,World Health Organization COVID-19 Dashboard,8,"339,436,159",0.0024
COVID-19,Unspecified,UNITED STATES OF AMERICA,2020-02-29,World Health Organization COVID-19 Dashboard,5,"339,436,159",0.0015
COVID-19,Unspecified,UNITED STATES OF AMERICA,2020-03-01,World Health Organization COVID-19 Dashboard,4,"339,436,159",0.0012
COVID-19,Unspecified,UNITED STATES OF AMERICA,2020-03-02,World Health Organization COVID-19 Dashboard,9,"339,436,159",0.0027
COVID-19,Unspecified,UNITED STATES OF AMERICA,2020-03-03,World Health Organization COVID-19 Dashboard,18,"339,436,159",0.0053
COVID-19,Unspecified,UNITED STATES OF AMERICA,2020-03-04,World Health Organization COVID-19 Dashboard,36,"339,436,159",0.0106
COVID-19,Unspecified,UNITED STATES OF AMERICA,2020-03-05,World Health Organization COVID-19 Dashboard,51,"339,436,159",0.0150
COVID-19,Unspecified,UNITED STATES OF AMERICA,2020-03-06,World Health Organization COVID-19 Dashboard,70,"339,436,159",0.0206
COVID-19,Unspecified,UNITED STATES OF AMERICA,2020-03-07,World Health Organization COVID-19 Dashboard,78,"339,436,159",0.0230
COVID-19,Unspecified,UNITED STATES OF AMERICA,2020-03-08,World Health Organization COVID-19 Dashboard,130,"339,436,159",0.0383
COVID-19,Unspecified,UNITED STATES OF AMERICA,2020-03-09,World Health Organization COVID-19 Dashboard,146,"339,436,159",0.0430
COVID-19,Unspecified,UNITED STATES OF AMERICA,2020-03-10,World Health Organization COVID-19 Dashboard,214,"339,436,159",0.0630
COVID-19,Unspecified,UNITED STATES OF AMERICA,2020-03-11,World Health Organization COVID-19 Dashboard,390,"339,436,159",0.1149
COVID-19,Unspecified,UNITED STATES OF AMERICA,2020-03-12,World Health Organization COVID-19 Dashboard,498,"339,436,159",0.1467
COVID-19,Unspecified,UNITED STATES OF AMERICA,2020-03-13,World Health Organization COVID-19 Dashboard,530,"339,436,159",0.1561
COVID-19,Unspecified,UNITED STATES OF AMERICA,2020-03-14,World Health Organization COVID-19 Dashboard,734,"339,436,159",0.2162
COVID-19,Unspecified,UNITED STATES OF AMERICA,2020-03-15,World Health Organization COVID-19 Dashboard,951,"339,436,159",0.2802
COVID-19,Unspecified,UNITED STATES OF AMERICA,2020-03-16,World Health Organization COVID-19 Dashboard,1218,"339,436,159",0.3588
COVID-19,Unspecified,UNITED STATES OF AMERICA,2020-03-17,World Health Organization COVID-19 Dashboard,2172,"339,436,159",0.6399
COVID-19,Unspecified,UNITED STATES OF AMERICA,2020-03-18,World Health Organization COVID-19 Dashboard,2343,"339,436,159",0.6903
COVID-19,Unspecified,UNITED STATES OF AMERICA,2020-03-19,World Health Organization COVID-19 Dashboard,3199,"339,436,159",0.9424
COVID-19,Unspecified,UNITED STATES OF AMERICA,2020-03-20,World Health Organization COVID-19 Dashboard,4888,"339,436,159",1.4400
COVID-19,Unspecified,UNITED STATES OF AMERICA,2020-03-21,World Health Organization COVID-19 Dashboard,6117,"339,436,159",1.8021
COVID-19,Unspecified,UNITED STATES OF AMERICA,2020-03-22,World Health Organization COVID-19 Dashboard,7542,"339,436,159",2.2219
COVID-19,Unspecified,UNITED STATES OF AMERICA,2020-03-23,World Health Organization COVID-19 Dashboard,9122,"339,436,159",2.6874
COVID-19,Unspecified,UNITED STATES OF AMERICA,2020-03-24,World Health Organization COVID-19 Dashboard,10833,"339,436,159",3.1915
COVID-19,Unspecified,UNITED STATES OF AMERICA,2020-03-25,World Health Organization COVID-19 Dashboard,10689,"339,436,159",3.1490
COVID-19,Unspecified,UNITED STATES OF AMERICA,2020-03-26,World Health Organization COVID-19 Dashboard,11402,"339,436,159",3.3591
COVID-19,Unspecified,UNITED STATES OF AMERICA,2020-03-27,World Health Organization COVID-19 Dashboard,14075,"339,436,159",4.1466
COVID-19,Unspecified,UNITED STATES OF AMERICA,2020-03-28,World Health Organization COVID-19 Dashboard,18527,"339,436,159",5.4582
COVID-19,Unspecified,UNITED STATES OF AMERICA,2020-03-29,World Health Organization COVID-19 Dashboard,20206,"339,436,159",5.9528
COVID-19,Unspecified,UNITED STATES OF AMERICA,2020-03-30,World Health Organization COVID-19 Dashboard,20794,"339,436,159",6.1260
COVID-19,Unspecified,UNITED STATES OF AMERICA,2020-03-31,World Health Organization COVID-19 Dashboard,26250,"339,436,159",7.7334
COVID-19,Unspecified,UNITED STATES OF AMERICA,2020-04-01,World Health Organization COVID-19 Dashboard,15269,"339,436,159",4.4983
COVID-19,Unspecified,UNITED STATES OF AMERICA,2020-04-02,World Health Organization COVID-19 Dashboard,23701,"339,436,159",6.9825
COVID-19,Unspecified,UNITED STATES OF AMERICA,2020-04-03,World Health Organization COVID-19 Dashboard,28400,"339,436,159",8.3668
COVID-19,Unspecified,UNITED STATES OF AMERICA,2020-04-04,World Health Organization COVID-19 Dashboard,29912,"339,436,159",8.8123
COVID-19,Unspecified,UNITED STATES OF AMERICA,2020-04-05,World Health Organization COVID-19 Dashboard,31709,"339,436,159",9.3417
COVID-19,Unspecified,UNITED STATES OF AMERICA,2020-04-06,World Health Organization COVID-19 Dashboard,32491,"339,436,159",9.5721
COVID-19,Unspecified,UNITED STATES OF AMERICA,2020-04-07,World Health Organization COVID-19 Dashboard,27019,"339,436,159",7.9600
COVID-19,Unspecified,UNITED STATES OF AMERICA,2020-04-08,World Health Organization COVID-19 Dashboard,28615,"339,436,159",8.4302
COVID-19,Unspecified,UNITED STATES OF AMERICA,2020-04-09,World Health Organization COVID-19 Dashboard,29131,"339,436,159",8.5822
COVID-19,Unspecified,UNITED STATES OF AMERICA,2020-04-10,World Health Organization COVID-19 Dashboard,34163,"339,436,159",10.0646
COVID-19,Unspecified,UNITED STATES OF AMERICA,2020-04-11,World Health Organization COVID-19 Dashboard,34776,"339,436,159",10.2452
COVID-19,Unspecified,UNITED STATES OF AMERICA,2020-04-12,World Health Organization COVID-19 Dashboard,32644,"339,436,159",9.6171
COVID-19,Unspecified,UNITED STATES OF AMERICA,2020-04-13,World Health Organization COVID-19 Dashboard,32119,"339,436,159",9.4625
COVID-19,Unspecified,UNITED STATES OF AMERICA,2020-04-14,World Health Organization COVID-19 Dashboard,27137,"339,436,159",7.9947
COVID-19,Unspecified,UNITED STATES OF AMERICA,2020-04-15,World Health Organization COVID-19 Dashboard,24965,"339,436,159",7.3548
COVID-19,Unspecified,UNITED STATES OF AMERICA,2020-04-16,World Health Organization COVID-19 Dashboard,25058,"339,436,159",7.3822
COVID-19,Unspecified,UNITED STATES OF AMERICA,2020-04-17,World Health Organization COVID-19 Dashboard,25214,"339,436,159",7.4282
COVID-19,Unspecified,UNITED STATES OF AMERICA,2020-04-18,World Health Organization COVID-19 Dashboard,31625,"339,436,159",9.3169
COVID-19,Unspecified,UNITED STATES OF AMERICA,2020-04-19,World Health Organization COVID-19 Dashboard,30290,"339,436,159",8.9236
COVID-19,Unspecified,UNITED STATES OF AMERICA,2020-04-20,World Health Organization COVID-19 Dashboard,27651,"339,436,159",8.1462
COVID-19,Unspecified,UNITED STATES OF AMERICA,2020-04-21,World Health Organization COVID-19 Dashboard,26892,"339,436,159",7.9226
COVID-19,Unspecified,UNITED STATES OF AMERICA,2020-04-22,World Health Organization COVID-19 Dashboard,26063,"339,436,159",7.6783
COVID-19,Unspecified,UNITED STATES OF AMERICA,2020-04-23,World Health Organization COVID-19 Dashboard,25220,"339,436,159",7.4300
COVID-19,Unspecified,UNITED STATES OF AMERICA,2020-04-24,World Health Organization COVID-19 Dashboard,31124,"339,436,159",9.1693
COVID-19,Unspecified,UNITED STATES OF AMERICA,2020-04-25,World Health Organization COVID-19 Dashboard,32947,"339,436,159",9.7064
COVID-19,Unspecified,UNITED STATES OF AMERICA,2020-04-26,World Health Organization COVID-19 Dashboard,34872,"339,436,159",10.2735
COVID-19,Unspecified,UNITED STATES OF AMERICA,2020-04-27,World Health Organization COVID-19 Dashboard,32870,"339,436,159",9.6837
COVID-19,Unspecified,UNITED STATES OF AMERICA,2020-04-28,World Health Organization COVID-19 Dashboard,26575,"339,436,159",7.8292
COVID-19,Unspecified,UNITED STATES OF AMERICA,2020-04-29,World Health Organization COVID-19 Dashboard,24145,"339,436,159",7.1133
COVID-19,Unspecified,UNITED STATES OF AMERICA,2020-04-30,World Health Organization COVID-19 Dashboard,23580,"339,436,159",6.9468
COVID-19,Unspecified,UNITED STATES OF AMERICA,2020-05-01,World Health Organization COVID-19 Dashboard,27008,"339,436,159",7.9567
COVID-19,Unspecified,UNITED STATES OF AMERICA,2020-05-02,World Health Organization COVID-19 Dashboard,31426,"339,436,159",9.2583
COVID-19,Unspecified,UNITED STATES OF AMERICA,2020-05-03,World Health Organization COVID-19 Dashboard,32131,"339,436,159",9.4660
COVID-19,Unspecified,UNITED STATES OF AMERICA,2020-05-04,World Health Organization COVID-19 Dashboard,28395,"339,436,159",8.3653
COVID-19,Unspecified,UNITED STATES OF AMERICA,2020-05-05,World Health Organization COVID-19 Dashboard,26794,"339,436,159",7.8937
COVID-19,Unspecified,UNITED STATES OF AMERICA,2020-05-06,World Health Organization COVID-19 Dashboard,21533,"339,436,159",6.3438
COVID-19,Unspecified,UNITED STATES OF AMERICA,2020-05-07,World Health Organization COVID-19 Dashboard,22853,"339,436,159",6.7326
COVID-19,Unspecified,UNITED STATES OF AMERICA,2020-05-08,World Health Organization COVID-19 Dashboard,25299,"339,436,159",7.4532
COVID-19,Unspecified,UNITED STATES OF AMERICA,2020-05-09,World Health Organization COVID-19 Dashboard,29519,"339,436,159",8.6965
COVID-19,Unspecified,UNITED STATES OF AMERICA,2020-05-10,World Health Organization COVID-19 Dashboard,28303,"339,436,159",8.3382
COVID-19,Unspecified,UNITED STATES OF AMERICA,2020-05-11,World Health Organization COVID-19 Dashboard,25861,"339,436,159",7.6188
COVID-19,Unspecified,UNITED STATES OF AMERICA,2020-05-12,World Health Organization COVID-19 Dashboard,21613,"339,436,159",6.3673
COVID-19,Unspecified,UNITED STATES OF AMERICA,2020-05-13,World Health Organization COVID-19 Dashboard,19784,"339,436,159",5.8285
COVID-19,Unspecified,UNITED STATES OF AMERICA,2020-05-14,World Health Organization COVID-19 Dashboard,24181,"339,436,159",7.1239
COVID-19,Unspecified,UNITED STATES OF AMERICA,2020-05-15,World Health Organization COVID-19 Dashboard,17451,"339,436,159",5.1412
COVID-19,Unspecified,UNITED STATES OF AMERICA,2020-05-16,World Health Organization COVID-19 Dashboard,34350,"339,436,159",10.1197
COVID-19,Unspecified,UNITED STATES OF AMERICA,2020-05-17,World Health Organization COVID-19 Dashboard,26879,"339,436,159",7.9187
COVID-19,Unspecified,UNITED STATES OF AMERICA,2020-05-18,World Health Organization COVID-19 Dashboard,25816,"339,436,159",7.6056
COVID-19,Unspecified,UNITED STATES OF AMERICA,2020-05-19,World Health Organization COVID-19 Dashboard,20018,"339,436,159",5.8974
COVID-19,Unspecified,UNITED STATES OF AMERICA,2020-05-20,World Health Organization COVID-19 Dashboard,23114,"339,436,159",6.8095
COVID-19,Unspecified,UNITED STATES OF AMERICA,2020-05-21,World Health Organization COVID-19 Dashboard,21688,"339,436,159",6.3894
COVID-19,Unspecified,UNITED STATES OF AMERICA,2020-05-22,World Health Organization COVID-19 Dashboard,23974,"339,436,159",7.0629
COVID-19,Unspecified,UNITED STATES OF AMERICA,2020-05-23,World Health Organization COVID-19 Dashboard,25797,"339,436,159",7.6000
COVID-19,Unspecified,UNITED STATES OF AMERICA,2020-05-24,World Health Organization COVID-19 Dashboard,26005,"339,436,159",7.6612
COVID-19,Unspecified,UNITED STATES OF AMERICA,2020-05-25,World Health Organization COVID-19 Dashboard,21210,"339,436,159",6.2486
COVID-19,Unspecified,UNITED STATES OF AMERICA,2020-05-26,World Health Organization COVID-19 Dashboard,21677,"339,436,159",6.3862
COVID-19,Unspecified,UNITED STATES OF AMERICA,2020-05-27,World Health Organization COVID-19 Dashboard,19513,"339,436,159",5.7487
COVID-19,Unspecified,UNITED STATES OF AMERICA,2020-05-28,World Health Organization COVID-19 Dashboard,16814,"339,436,159",4.9535
COVID-19,Unspecified,UNITED STATES OF AMERICA,2020-05-29,World Health Organization COVID-19 Dashboard,19776,"339,436,159",5.8261
COVID-19,Unspecified,UNITED STATES OF AMERICA,2020-05-30,World Health Organization COVID-19 Dashboard,24188,"339,436,159",7.1259
COVID-19,Unspecified,UNITED STATES OF AMERICA,2020-05-31,World Health Organization COVID-19 Dashboard,23780,"339,436,159",7.0057
COVID-19,Unspecified,UNITED STATES OF AMERICA,2020-06-01,World Health Organization COVID-19 Dashboard,24067,"339,436,159",7.0903
COVID-19,Unspecified,UNITED STATES OF AMERICA,2020-06-02,World Health Organization COVID-19 Dashboard,21317,"339,436,159",6.2801
COVID-19,Unspecified,UNITED STATES OF AMERICA,2020-06-03,World Health Organization COVID-19 Dashboard,17207,"339,436,159",5.0693
COVID-19,Unspecified,UNITED STATES OF AMERICA,2020-06-04,World Health Organization COVID-19 Dashboard,20801,"339,436,159",6.1281
COVID-19,Unspecified,UNITED STATES OF AMERICA,2020-06-05,World Health Organization COVID-19 Dashboard,20987,"339,436,159",6.1829
COVID-19,Unspecified,UNITED STATES OF AMERICA,2020-06-06,World Health Organization COVID-19 Dashboard,20635,"339,436,159",6.0792
COVID-19,Unspecified,UNITED STATES OF AMERICA,2020-06-07,World Health Organization COVID-19 Dashboard,24698,"339,436,159",7.2762
COVID-19,Unspecified,UNITED STATES OF AMERICA,2020-06-08,World Health Organization COVID-19 Dashboard,23699,"339,436,159",6.9819
COVID-19,Unspecified,UNITED STATES OF AMERICA,2020-06-09,World Health Organization COVID-19 Dashboard,17753,"339,436,159",5.2301
COVID-19,Unspecified,UNITED STATES OF AMERICA,2020-06-10,World Health Organization COVID-19 Dashboard,18072,"339,436,159",5.3241
COVID-19,Unspecified,UNITED STATES OF AMERICA,2020-06-11,World Health Organization COVID-19 Dashboard,18526,"339,436,159",5.4579
COVID-19,Unspecified,UNITED STATES OF AMERICA,2020-06-12,World Health Organization COVID-19 Dashboard,22224,"339,436,159",6.5473
COVID-19,Unspecified,UNITED STATES OF AMERICA,2020-06-13,World Health Organization COVID-19 Dashboard,22979,"339,436,159",6.7698
COVID-19,Unspecified,UNITED STATES OF AMERICA,2020-06-14,World Health Organization COVID-19 Dashboard,28385,"339,436,159",8.3624
COVID-19,Unspecified,UNITED STATES OF AMERICA,2020-06-15,World Health Organization COVID-19 Dashboard,26406,"339,436,159",7.7794
COVID-19,Unspecified,UNITED STATES OF AMERICA,2020-06-16,World Health Organization COVID-19 Dashboard,20506,"339,436,159",6.0412
COVID-19,Unspecified,UNITED STATES OF AMERICA,2020-06-17,World Health Organization COVID-19 Dashboard,20673,"339,436,159",6.0904
COVID-19,Unspecified,UNITED STATES OF AMERICA,2020-06-18,World Health Organization COVID-19 Dashboard,24774,"339,436,159",7.2986
COVID-19,Unspecified,UNITED STATES OF AMERICA,2020-06-19,World Health Organization COVID-19 Dashboard,25817,"339,436,159",7.6058
COVID-19,Unspecified,UNITED STATES OF AMERICA,2020-06-20,World Health Organization COVID-19 Dashboard,28633,"339,436,159",8.4355
COVID-19,Unspecified,UNITED STATES OF AMERICA,2020-06-21,World Health Organization COVID-19 Dashboard,33191,"339,436,159",9.7783
COVID-19,Unspecified,UNITED STATES OF AMERICA,2020-06-22,World Health Organization COVID-19 Dashboard,33326,"339,436,159",9.8180
COVID-19,Unspecified,UNITED STATES OF AMERICA,2020-06-23,World Health Organization COVID-19 Dashboard,27245,"339,436,159",8.0265
COVID-19,Unspecified,UNITED STATES OF AMERICA,2020-06-24,World Health Organization COVID-19 Dashboard,28745,"339,436,159",8.4685
COVID-19,Unspecified,UNITED STATES OF AMERICA,2020-06-25,World Health Organization COVID-19 Dashboard,37883,"339,436,159",11.1606
COVID-19,Unspecified,UNITED STATES OF AMERICA,2020-06-26,World Health Organization COVID-19 Dashboard,37171,"339,436,159",10.9508
COVID-19,Unspecified,UNITED STATES OF AMERICA,2020-06-27,World Health Organization COVID-19 Dashboard,47153,"339,436,159",13.8916
COVID-19,Unspecified,UNITED STATES OF AMERICA,2020-06-28,World Health Organization COVID-19 Dashboard,46522,"339,436,159",13.7057
COVID-19,Unspecified,UNITED STATES OF AMERICA,2020-06-29,World Health Organization COVID-19 Dashboard,43398,"339,436,159",12.7853
COVID-19,Unspecified,UNITED STATES OF AMERICA,2020-06-30,World Health Organization COVID-19 Dashboard,37519,"339,436,159",11.0533
COVID-19,Unspecified,UNITED STATES OF AMERICA,2020-07-01,World Health Organization COVID-19 Dashboard,38654,"339,436,159",11.3877
COVID-19,Unspecified,UNITED STATES OF AMERICA,2020-07-02,World Health Organization COVID-19 Dashboard,46604,"339,436,159",13.7298
COVID-19,Unspecified,UNITED STATES OF AMERICA,2020-07-03,World Health Organization COVID-19 Dashboard,59257,"339,436,159",17.4575
COVID-19,Unspecified,UNITED STATES OF AMERICA,2020-07-04,World Health Organization COVID-19 Dashboard,55387,"339,436,159",16.3174
COVID-19,Unspecified,UNITED STATES OF AMERICA,2020-07-05,World Health Organization COVID-19 Dashboard,60317,"339,436,159",17.7698
COVID-19,Unspecified,UNITED STATES OF AMERICA,2020-07-06,World Health Organization COVID-19 Dashboard,49507,"339,436,159",14.5851
COVID-19,Unspecified,UNITED STATES OF AMERICA,2020-07-07,World Health Organization COVID-19 Dashboard,40011,"339,436,159",11.7875
COVID-19,Unspecified,UNITED STATES OF AMERICA,2020-07-08,World Health Organization COVID-19 Dashboard,51044,"339,436,159",15.0379
COVID-19,Unspecified,UNITED STATES OF AMERICA,2020-07-09,World Health Organization COVID-19 Dashboard,56077,"339,436,159",16.5206
COVID-19,Unspecified,UNITED STATES OF AMERICA,2020-07-10,World Health Organization COVID-19 Dashboard,65092,"339,436,159",19.1765
COVID-19,Unspecified,UNITED STATES OF AMERICA,2020-07-11,World Health Organization COVID-19 Dashboard,62184,"339,436,159",18.3198
COVID-19,Unspecified,UNITED STATES OF AMERICA,2020-07-12,World Health Organization COVID-19 Dashboard,68300,"339,436,159",20.1216
COVID-19,Unspecified,UNITED STATES OF AMERICA,2020-07-13,World Health Organization COVID-19 Dashboard,67314,"339,436,159",19.8311
COVID-19,Unspecified,UNITED STATES OF AMERICA,2020-07-14,World Health Organization COVID-19 Dashboard,59628,"339,436,159",17.5668
COVID-19,Unspecified,UNITED STATES OF AMERICA,2020-07-15,World Health Organization COVID-19 Dashboard,56130,"339,436,159",16.5362
COVID-19,Unspecified,UNITED STATES OF AMERICA,2020-07-16,World Health Organization COVID-19 Dashboard,64758,"339,436,159",19.0781
COVID-19,Unspecified,UNITED STATES OF AMERICA,2020-07-17,World Health Organization COVID-19 Dashboard,72033,"339,436,159",21.2214
COVID-19,Unspecified,UNITED STATES OF AMERICA,2020-07-18,World Health Organization COVID-19 Dashboard,69530,"339,436,159",20.4840
COVID-19,Unspecified,UNITED STATES OF AMERICA,2020-07-19,World Health Organization COVID-19 Dashboard,76837,"339,436,159",22.6367
COVID-19,Unspecified,UNITED STATES OF AMERICA,2020-07-20,World Health Organization COVID-19 Dashboard,67354,"339,436,159",19.8429
COVID-19,Unspecified,UNITED STATES OF AMERICA,2020-07-21,World Health Organization COVID-19 Dashboard,59792,"339,436,159",17.6151
COVID-19,Unspecified,UNITED STATES OF AMERICA,2020-07-22,World Health Organization COVID-19 Dashboard,58523,"339,436,159",17.2412
COVID-19,Unspecified,UNITED STATES OF AMERICA,2020-07-23,World Health Organization COVID-19 Dashboard,63394,"339,436,159",18.6763
COVID-19,Unspecified,UNITED STATES OF AMERICA,2020-07-24,World Health Organization COVID-19 Dashboard,72144,"339,436,159",21.2541
COVID-19,Unspecified,UNITED STATES OF AMERICA,2020-07-25,World Health Organization COVID-19 Dashboard,73456,"339,436,159",21.6406
COVID-19,Unspecified,UNITED STATES OF AMERICA,2020-07-26,World Health Organization COVID-19 Dashboard,73154,"339,436,159",21.5516
COVID-19,Unspecified,UNITED STATES OF AMERICA,2020-07-27,World Health Organization COVID-19 Dashboard,61281,"339,436,159",18.0538
COVID-19,Unspecified,UNITED STATES OF AMERICA,2020-07-28,World Health Organization COVID-19 Dashboard,58279,"339,436,159",17.1694
COVID-19,Unspecified,UNITED STATES OF AMERICA,2020-07-29,World Health Organization COVID-19 Dashboard,53479,"339,436,159",15.7552
COVID-19,Unspecified,UNITED STATES OF AMERICA,2020-07-30,World Health Organization COVID-19 Dashboard,58851,"339,436,159",17.3379
COVID-19,Unspecified,UNITED STATES OF AMERICA,2020-07-31,World Health Organization COVID-19 Dashboard,64738,"339,436,159",19.0722
COVID-19,Unspecified,UNITED STATES OF AMERICA,2020-08-01,World Health Organization COVID-19 Dashboard,66211,"339,436,159",19.5062
COVID-19,Unspecified,UNITED STATES OF AMERICA,2020-08-02,World Health Organization COVID-19 Dashboard,68114,"339,436,159",20.0668
COVID-19,Unspecified,UNITED STATES OF AMERICA,2020-08-03,World Health Organization COVID-19 Dashboard,56528,"339,436,159",16.6535
COVID-19,Unspecified,UNITED STATES OF AMERICA,2020-08-04,World Health Organization COVID-19 Dashboard,51154,"339,436,159",15.0703
COVID-19,Unspecified,UNITED STATES OF AMERICA,2020-08-05,World Health Organization COVID-19 Dashboard,45179,"339,436,159",13.3100
COVID-19,Unspecified,UNITED STATES OF AMERICA,2020-08-06,World Health Organization COVID-19 Dashboard,51708,"339,436,159",15.2335
COVID-19,Unspecified,UNITED STATES OF AMERICA,2020-08-07,World Health Organization COVID-19 Dashboard,55630,"339,436,159",16.3889
COVID-19,Unspecified,UNITED STATES OF AMERICA,2020-08-08,World Health Organization COVID-19 Dashboard,54376,"339,436,159",16.0195
COVID-19,Unspecified,UNITED STATES OF AMERICA,2020-08-09,World Health Organization COVID-19 Dashboard,61855,"339,436,159",18.2229
COVID-19,Unspecified,UNITED STATES OF AMERICA,2020-08-10,World Health Organization COVID-19 Dashboard,51253,"339,436,159",15.0995
COVID-19,Unspecified,UNITED STATES OF AMERICA,2020-08-11,World Health Organization COVID-19 Dashboard,46234,"339,436,159",13.6208
COVID-19,Unspecified,UNITED STATES OF AMERICA,2020-08-12,World Health Organization COVID-19 Dashboard,43697,"339,436,159",12.8734
COVID-19,Unspecified,UNITED STATES OF AMERICA,2020-08-13,World Health Organization COVID-19 Dashboard,58822,"339,436,159",17.3293
COVID-19,Unspecified,UNITED STATES OF AMERICA,2020-08-14,World Health Organization COVID-19 Dashboard,54706,"339,436,159",16.1167
COVID-19,Unspecified,UNITED STATES OF AMERICA,2020-08-15,World Health Organization COVID-19 Dashboard,51700,"339,436,159",15.2311
COVID-19,Unspecified,UNITED STATES OF AMERICA,2020-08-16,World Health Organization COVID-19 Dashboard,55933,"339,436,159",16.4782
COVID-19,Unspecified,UNITED STATES OF AMERICA,2020-08-17,World Health Organization COVID-19 Dashboard,51259,"339,436,159",15.1012
COVID-19,Unspecified,UNITED STATES OF AMERICA,2020-08-18,World Health Organization COVID-19 Dashboard,41300,"339,436,159",12.1672
COVID-19,Unspecified,UNITED STATES OF AMERICA,2020-08-19,World Health Organization COVID-19 Dashboard,41758,"339,436,159",12.3022
COVID-19,Unspecified,UNITED STATES OF AMERICA,2020-08-20,World Health Organization COVID-19 Dashboard,41504,"339,436,159",12.2273
COVID-19,Unspecified,UNITED STATES OF AMERICA,2020-08-21,World Health Organization COVID-19 Dashboard,46623,"339,436,159",13.7354
COVID-19,Unspecified,UNITED STATES OF AMERICA,2020-08-22,World Health Organization COVID-19 Dashboard,46311,"339,436,159",13.6435
COVID-19,Unspecified,UNITED STATES OF AMERICA,2020-08-23,World Health Organization COVID-19 Dashboard,47574,"339,436,159",14.0156
COVID-19,Unspecified,UNITED STATES OF AMERICA,2020-08-24,World Health Organization COVID-19 Dashboard,41312,"339,436,159",12.1708
COVID-19,Unspecified,UNITED STATES OF AMERICA,2020-08-25,World Health Organization COVID-19 Dashboard,36887,"339,436,159",10.8671
COVID-19,Unspecified,UNITED STATES OF AMERICA,2020-08-26,World Health Organization COVID-19 Dashboard,36099,"339,436,159",10.6350
COVID-19,Unspecified,UNITED STATES OF AMERICA,2020-08-27,World Health Organization COVID-19 Dashboard,40324,"339,436,159",11.8797
COVID-19,Unspecified,UNITED STATES OF AMERICA,2020-08-28,World Health Organization COVID-19 Dashboard,46725,"339,436,159",13.7655
COVID-19,Unspecified,UNITED STATES OF AMERICA,2020-08-29,World Health Organization COVID-19 Dashboard,46760,"339,436,159",13.7758
COVID-19,Unspecified,UNITED STATES OF AMERICA,2020-08-30,World Health Organization COVID-19 Dashboard,46785,"339,436,159",13.7832
COVID-19,Unspecified,UNITED STATES OF AMERICA,2020-08-31,World Health Organization COVID-19 Dashboard,40705,"339,436,159",11.9919
COVID-19,Unspecified,UNITED STATES OF AMERICA,2020-09-01,World Health Organization COVID-19 Dashboard,36599,"339,436,159",10.7823
COVID-19,Unspecified,UNITED STATES OF AMERICA,2020-09-02,World Health Organization COVID-19 Dashboard,38805,"339,436,159",11.4322
COVID-19,Unspecified,UNITED STATES OF AMERICA,2020-09-03,World Health Organization COVID-19 Dashboard,38940,"339,436,159",11.4720
COVID-19,Unspecified,UNITED STATES OF AMERICA,2020-09-04,World Health Organization COVID-19 Dashboard,43907,"339,436,159",12.9353
COVID-19,Unspecified,UNITED STATES OF AMERICA,2020-09-05,World Health Organization COVID-19 Dashboard,45225,"339,436,159",13.3236
COVID-19,Unspecified,UNITED STATES OF AMERICA,2020-09-06,World Health Organization COVID-19 Dashboard,50819,"339,436,159",14.9716
COVID-19,Unspecified,UNITED STATES OF AMERICA,2020-09-07,World Health Organization COVID-19 Dashboard,41583,"339,436,159",12.2506
COVID-19,Unspecified,UNITED STATES OF AMERICA,2020-09-08,World Health Organization COVID-19 Dashboard,33703,"339,436,159",9.9291
COVID-19,Unspecified,UNITED STATES OF AMERICA,2020-09-09,World Health Organization COVID-19 Dashboard,25076,"339,436,159",7.3875
COVID-19,Unspecified,UNITED STATES OF AMERICA,2020-09-10,World Health Organization COVID-19 Dashboard,28067,"339,436,159",8.2687
COVID-19,Unspecified,UNITED STATES OF AMERICA,2020-09-11,World Health Organization COVID-19 Dashboard,35024,"339,436,159",10.3183
COVID-19,Unspecified,UNITED STATES OF AMERICA,2020-09-12,World Health Organization COVID-19 Dashboard,38569,"339,436,159",11.3627
COVID-19,Unspecified,UNITED STATES OF AMERICA,2020-09-13,World Health Organization COVID-19 Dashboard,44187,"339,436,159",13.0178
COVID-19,Unspecified,UNITED STATES OF AMERICA,2020-09-14,World Health Organization COVID-19 Dashboard,40053,"339,436,159",11.7999
COVID-19,Unspecified,UNITED STATES OF AMERICA,2020-09-15,World Health Organization COVID-19 Dashboard,32752,"339,436,159",9.6489
COVID-19,Unspecified,UNITED STATES OF AMERICA,2020-09-16,World Health Organization COVID-19 Dashboard,34524,"339,436,159",10.1710
COVID-19,Unspecified,UNITED STATES OF AMERICA,2020-09-17,World Health Organization COVID-19 Dashboard,36734,"339,436,159",10.8221
COVID-19,Unspecified,UNITED STATES OF AMERICA,2020-09-18,World Health Organization COVID-19 Dashboard,44225,"339,436,159",13.0290
COVID-19,Unspecified,UNITED STATES OF AMERICA,2020-09-19,World Health Organization COVID-19 Dashboard,44636,"339,436,159",13.1500
COVID-19,Unspecified,UNITED STATES OF AMERICA,2020-09-20,World Health Organization COVID-19 Dashboard,47848,"339,436,159",14.0963
COVID-19,Unspecified,UNITED STATES OF AMERICA,2020-09-21,World Health Organization COVID-19 Dashboard,42141,"339,436,159",12.4150
COVID-19,Unspecified,UNITED STATES OF AMERICA,2020-09-22,World Health Organization COVID-19 Dashboard,34229,"339,436,159",10.0841
COVID-19,Unspecified,UNITED STATES OF AMERICA,2020-09-23,World Health Organization COVID-19 Dashboard,41659,"339,436,159",12.2730
COVID-19,Unspecified,UNITED STATES OF AMERICA,2020-09-24,World Health Organization COVID-19 Dashboard,49233,"339,436,159",14.5043
COVID-19,Unspecified,UNITED STATES OF AMERICA,2020-09-25,World Health Organization COVID-19 Dashboard,41909,"339,436,159",12.3467
COVID-19,Unspecified,UNITED STATES OF AMERICA,2020-09-26,World Health Organization COVID-19 Dashboard,46057,"339,436,159",13.5687
COVID-19,Unspecified,UNITED STATES OF AMERICA,2020-09-27,World Health Organization COVID-19 Dashboard,49669,"339,436,159",14.6328
COVID-19,Unspecified,UNITED STATES OF AMERICA,2020-09-28,World Health Organization COVID-19 Dashboard,41806,"339,436,159",12.3163
COVID-19,Unspecified,UNITED STATES OF AMERICA,2020-09-29,World Health Organization COVID-19 Dashboard,35267,"339,436,159",10.3899
COVID-19,Unspecified,UNITED STATES OF AMERICA,2020-09-30,World Health Organization COVID-19 Dashboard,38894,"339,436,159",11.4584
COVID-19,Unspecified,UNITED STATES OF AMERICA,2020-10-01,World Health Organization COVID-19 Dashboard,38728,"339,436,159",11.4095
COVID-19,Unspecified,UNITED STATES OF AMERICA,2020-10-02,World Health Organization COVID-19 Dashboard,45622,"339,436,159",13.4405
COVID-19,Unspecified,UNITED STATES OF AMERICA,2020-10-03,World Health Organization COVID-19 Dashboard,47133,"339,436,159",13.8857
COVID-19,Unspecified,UNITED STATES OF AMERICA,2020-10-04,World Health Organization COVID-19 Dashboard,51115,"339,436,159",15.0588
COVID-19,Unspecified,UNITED STATES OF AMERICA,2020-10-05,World Health Organization COVID-19 Dashboard,47682,"339,436,159",14.0474
COVID-19,Unspecified,UNITED STATES OF AMERICA,2020-10-06,World Health Organization COVID-19 Dashboard,35386,"339,436,159",10.4249
COVID-19,Unspecified,UNITED STATES OF AMERICA,2020-10-07,World Health Organization COVID-19 Dashboard,41531,"339,436,159",12.2353
COVID-19,Unspecified,UNITED STATES OF AMERICA,2020-10-08,World Health Organization COVID-19 Dashboard,41523,"339,436,159",12.2329
COVID-19,Unspecified,UNITED STATES OF AMERICA,2020-10-09,World Health Organization COVID-19 Dashboard,53939,"339,436,159",15.8908
COVID-19,Unspecified,UNITED STATES OF AMERICA,2020-10-10,World Health Organization COVID-19 Dashboard,55399,"339,436,159",16.3209
COVID-19,Unspecified,UNITED STATES OF AMERICA,2020-10-11,World Health Organization COVID-19 Dashboard,58972,"339,436,159",17.3735
COVID-19,Unspecified,UNITED STATES OF AMERICA,2020-10-12,World Health Organization COVID-19 Dashboard,53758,"339,436,159",15.8374
COVID-19,Unspecified,UNITED STATES OF AMERICA,2020-10-13,World Health Organization COVID-19 Dashboard,44457,"339,436,159",13.0973
COVID-19,Unspecified,UNITED STATES OF AMERICA,2020-10-14,World Health Organization COVID-19 Dashboard,49532,"339,436,159",14.5924
COVID-19,Unspecified,UNITED STATES OF AMERICA,2020-10-15,World Health Organization COVID-19 Dashboard,50078,"339,436,159",14.7533
COVID-19,Unspecified,UNITED STATES OF AMERICA,2020-10-16,World Health Organization COVID-19 Dashboard,57764,"339,436,159",17.0176
COVID-19,Unspecified,UNITED STATES OF AMERICA,2020-10-17,World Health Organization COVID-19 Dashboard,62897,"339,436,159",18.5298
COVID-19,Unspecified,UNITED STATES OF AMERICA,2020-10-18,World Health Organization COVID-19 Dashboard,69003,"339,436,159",20.3287
COVID-19,Unspecified,UNITED STATES OF AMERICA,2020-10-19,World Health Organization COVID-19 Dashboard,54343,"339,436,159",16.0098
COVID-19,Unspecified,UNITED STATES OF AMERICA,2020-10-20,World Health Organization COVID-19 Dashboard,48675,"339,436,159",14.3400
COVID-19,Unspecified,UNITED STATES OF AMERICA,2020-10-21,World Health Organization COVID-19 Dashboard,61596,"339,436,159",18.1466
COVID-19,Unspecified,UNITED STATES OF AMERICA,2020-10-22,World Health Organization COVID-19 Dashboard,58903,"339,436,159",17.3532
COVID-19,Unspecified,UNITED STATES OF AMERICA,2020-10-23,World Health Organization COVID-19 Dashboard,68944,"339,436,159",20.3113
COVID-19,Unspecified,UNITED STATES OF AMERICA,2020-10-24,World Health Organization COVID-19 Dashboard,74759,"339,436,159",22.0245
COVID-19,Unspecified,UNITED STATES OF AMERICA,2020-10-25,World Health Organization COVID-19 Dashboard,82266,"339,436,159",24.2361
COVID-19,Unspecified,UNITED STATES OF AMERICA,2020-10-26,World Health Organization COVID-19 Dashboard,76078,"339,436,159",22.4131
COVID-19,Unspecified,UNITED STATES OF AMERICA,2020-10-27,World Health Organization COVID-19 Dashboard,65531,"339,436,159",19.3058
COVID-19,Unspecified,UNITED STATES OF AMERICA,2020-10-28,World Health Organization COVID-19 Dashboard,69823,"339,436,159",20.5703
COVID-19,Unspecified,UNITED STATES OF AMERICA,2020-10-29,World Health Organization COVID-19 Dashboard,75208,"339,436,159",22.1567
COVID-19,Unspecified,UNITED STATES OF AMERICA,2020-10-30,World Health Organization COVID-19 Dashboard,84467,"339,436,159",24.8845
COVID-19,Unspecified,UNITED STATES OF AMERICA,2020-10-31,World Health Organization COVID-19 Dashboard,91107,"339,436,159",26.8407
COVID-19,Unspecified,UNITED STATES OF AMERICA,2020-11-01,World Health Organization COVID-19 Dashboard,97647,"339,436,159",28.7674
COVID-19,Unspecified,UNITED STATES OF AMERICA,2020-11-02,World Health Organization COVID-19 Dashboard,92420,"339,436,159",27.2275
COVID-19,Unspecified,UNITED STATES OF AMERICA,2020-11-03,World Health Organization COVID-19 Dashboard,141390,"339,436,159",41.6544
COVID-19,Unspecified,UNITED STATES OF AMERICA,2020-11-04,World Health Organization COVID-19 Dashboard,87472,"339,436,159",25.7698
COVID-19,Unspecified,UNITED STATES OF AMERICA,2020-11-05,World Health Organization COVID-19 Dashboard,98413,"339,436,159",28.9931
COVID-19,Unspecified,UNITED STATES OF AMERICA,2020-11-06,World Health Organization COVID-19 Dashboard,114095,"339,436,159",33.6131
COVID-19,Unspecified,UNITED STATES OF AMERICA,2020-11-07,World Health Organization COVID-19 Dashboard,123042,"339,436,159",36.2489
COVID-19,Unspecified,UNITED STATES OF AMERICA,2020-11-08,World Health Organization COVID-19 Dashboard,133858,"339,436,159",39.4354
COVID-19,Unspecified,UNITED STATES OF AMERICA,2020-11-09,World Health Organization COVID-19 Dashboard,128967,"339,436,159",37.9945
COVID-19,Unspecified,UNITED STATES OF AMERICA,2020-11-10,World Health Organization COVID-19 Dashboard,111634,"339,436,159",32.8881
COVID-19,Unspecified,UNITED STATES OF AMERICA,2020-11-11,World Health Organization COVID-19 Dashboard,124646,"339,436,159",36.7215
COVID-19,Unspecified,UNITED STATES OF AMERICA,2020-11-12,World Health Organization COVID-19 Dashboard,146026,"339,436,159",43.0202
COVID-19,Unspecified,UNITED STATES OF AMERICA,2020-11-13,World Health Organization COVID-19 Dashboard,153616,"339,436,159",45.2562
COVID-19,Unspecified,UNITED STATES OF AMERICA,2020-11-14,World Health Organization COVID-19 Dashboard,161982,"339,436,159",47.7209
COVID-19,Unspecified,UNITED STATES OF AMERICA,2020-11-15,World Health Organization COVID-19 Dashboard,177320,"339,436,159",52.2396
COVID-19,Unspecified,UNITED STATES OF AMERICA,2020-11-16,World Health Organization COVID-19 Dashboard,163802,"339,436,159",48.2571
COVID-19,Unspecified,UNITED STATES OF AMERICA,2020-11-17,World Health Organization COVID-19 Dashboard,139101,"339,436,159",40.9800
COVID-19,Unspecified,UNITED STATES OF AMERICA,2020-11-18,World Health Organization COVID-19 Dashboard,152743,"339,436,159",44.9990
COVID-19,Unspecified,UNITED STATES OF AMERICA,2020-11-19,World Health Organization COVID-19 Dashboard,167254,"339,436,159",49.2741
COVID-19,Unspecified,UNITED STATES OF AMERICA,2020-11-20,World Health Organization COVID-19 Dashboard,170786,"339,436,159",50.3146
COVID-19,Unspecified,UNITED STATES OF AMERICA,2020-11-21,World Health Organization COVID-19 Dashboard,189352,"339,436,159",55.7843
COVID-19,Unspecified,UNITED STATES OF AMERICA,2020-11-22,World Health Organization COVID-19 Dashboard,193116,"339,436,159",56.8932
COVID-19,Unspecified,UNITED STATES OF AMERICA,2020-11-23,World Health Organization COVID-19 Dashboard,173587,"339,436,159",51.1398
COVID-19,Unspecified,UNITED STATES OF AMERICA,2020-11-24,World Health Organization COVID-19 Dashboard,150896,"339,436,159",44.4549
COVID-19,Unspecified,UNITED STATES OF AMERICA,2020-11-25,World Health Organization COVID-19 Dashboard,159758,"339,436,159",47.0657
COVID-19,Unspecified,UNITED STATES OF AMERICA,2020-11-26,World Health Organization COVID-19 Dashboard,175327,"339,436,159",51.6524
COVID-19,Unspecified,UNITED STATES OF AMERICA,2020-11-27,World Health Organization COVID-19 Dashboard,193930,"339,436,159",57.1330
COVID-19,Unspecified,UNITED STATES OF AMERICA,2020-11-28,World Health Organization COVID-19 Dashboard,143846,"339,436,159",42.3779
COVID-19,Unspecified,UNITED STATES OF AMERICA,2020-11-29,World Health Organization COVID-19 Dashboard,165799,"339,436,159",48.8454
COVID-19,Unspecified,UNITED STATES OF AMERICA,2020-11-30,World Health Organization COVID-19 Dashboard,143712,"339,436,159",42.3384
COVID-19,Unspecified,UNITED STATES OF AMERICA,2020-12-01,World Health Organization COVID-19 Dashboard,140656,"339,436,159",41.4381
COVID-19,Unspecified,UNITED STATES OF AMERICA,2020-12-02,World Health Organization COVID-19 Dashboard,152258,"339,436,159",44.8562
COVID-19,Unspecified,UNITED STATES OF AMERICA,2020-12-03,World Health Organization COVID-19 Dashboard,192905,"339,436,159",56.8310
COVID-19,Unspecified,UNITED STATES OF AMERICA,2020-12-04,World Health Organization COVID-19 Dashboard,209562,"339,436,159",61.7383
COVID-19,Unspecified,UNITED STATES OF AMERICA,2020-12-05,World Health Organization COVID-19 Dashboard,217556,"339,436,159",64.0933
COVID-19,Unspecified,UNITED STATES OF AMERICA,2020-12-06,World Health Organization COVID-19 Dashboard,224742,"339,436,159",66.2104
COVID-19,Unspecified,UNITED STATES OF AMERICA,2020-12-07,World Health Organization COVID-19 Dashboard,205801,"339,436,159",60.6303
COVID-19,Unspecified,UNITED STATES OF AMERICA,2020-12-08,World Health Organization COVID-19 Dashboard,176765,"339,436,159",52.0761
COVID-19,Unspecified,UNITED STATES OF AMERICA,2020-12-09,World Health Organization COVID-19 Dashboard,183044,"339,436,159",53.9259
COVID-19,Unspecified,UNITED STATES OF AMERICA,2020-12-10,World Health Organization COVID-19 Dashboard,227428,"339,436,159",67.0017
COVID-19,Unspecified,UNITED STATES OF AMERICA,2020-12-11,World Health Organization COVID-19 Dashboard,220834,"339,436,159",65.0591
COVID-19,Unspecified,UNITED STATES OF AMERICA,2020-12-12,World Health Organization COVID-19 Dashboard,208466,"339,436,159",61.4154
COVID-19,Unspecified,UNITED STATES OF AMERICA,2020-12-13,World Health Organization COVID-19 Dashboard,246602,"339,436,159",72.6505
COVID-19,Unspecified,UNITED STATES OF AMERICA,2020-12-14,World Health Organization COVID-19 Dashboard,216331,"339,436,159",63.7325
COVID-19,Unspecified,UNITED STATES OF AMERICA,2020-12-15,World Health Organization COVID-19 Dashboard,181126,"339,436,159",53.3608
COVID-19,Unspecified,UNITED STATES OF AMERICA,2020-12-16,World Health Organization COVID-19 Dashboard,197991,"339,436,159",58.3294
COVID-19,Unspecified,UNITED STATES OF AMERICA,2020-12-17,World Health Organization COVID-19 Dashboard,199571,"339,436,159",58.7949
COVID-19,Unspecified,UNITED STATES OF AMERICA,2020-12-18,World Health Organization COVID-19 Dashboard,240337,"339,436,159",70.8048
COVID-19,Unspecified,UNITED STATES OF AMERICA,2020-12-19,World Health Organization COVID-19 Dashboard,246017,"339,436,159",72.4781
COVID-19,Unspecified,UNITED STATES OF AMERICA,2020-12-20,World Health Organization COVID-19 Dashboard,236141,"339,436,159",69.5686
COVID-19,Unspecified,UNITED STATES OF AMERICA,2020-12-21,World Health Organization COVID-19 Dashboard,202642,"339,436,159",59.6996
COVID-19,Unspecified,UNITED STATES OF AMERICA,2020-12-22,World Health Organization COVID-19 Dashboard,186606,"339,436,159",54.9753
COVID-19,Unspecified,UNITED STATES OF AMERICA,2020-12-23,World Health Organization COVID-19 Dashboard,183194,"339,436,159",53.9701
COVID-19,Unspecified,UNITED STATES OF AMERICA,2020-12-24,World Health Organization COVID-19 Dashboard,198762,"339,436,159",58.5565
COVID-19,Unspecified,UNITED STATES OF AMERICA,2020-12-25,World Health Organization COVID-19 Dashboard,226323,"339,436,159",66.6762
COVID-19,Unspecified,UNITED STATES OF AMERICA,2020-12-26,World Health Organization COVID-19 Dashboard,201766,"339,436,159",59.4415
COVID-19,Unspecified,UNITED STATES OF AMERICA,2020-12-27,World Health Organization COVID-19 Dashboard,158789,"339,436,159",46.7802
COVID-19,Unspecified,UNITED STATES OF AMERICA,2020-12-28,World Health Organization COVID-19 Dashboard,149768,"339,436,159",44.1226
COVID-19,Unspecified,UNITED STATES OF AMERICA,2020-12-29,World Health Organization COVID-19 Dashboard,152962,"339,436,159",45.0636
COVID-19,Unspecified,UNITED STATES OF AMERICA,2020-12-30,World Health Organization COVID-19 Dashboard,178341,"339,436,159",52.5404
COVID-19,Unspecified,UNITED STATES OF AMERICA,2020-12-31,World Health Organization COVID-19 Dashboard,208867,"339,436,159",61.5335
COVID-19,Unspecified,UNITED STATES OF AMERICA,2021-01-01,World Health Organization COVID-19 Dashboard,237078,340161441,69.6957
COVID-19,Unspecified,UNITED STATES OF AMERICA,2021-01-02,World Health Organization COVID-19 Dashboard,229439,340161441,67.4500
COVID-19,Unspecified,UNITED STATES OF AMERICA,2021-01-03,World Health Organization COVID-19 Dashboard,227339,340161441,66.8327
COVID-19,Unspecified,UNITED STATES OF AMERICA,2021-01-04,World Health Organization COVID-19 Dashboard,226479,340161441,66.5799
COVID-19,Unspecified,UNITED STATES OF AMERICA,2021-01-05,World Health Organization COVID-19 Dashboard,204392,340161441,60.0868
COVID-19,Unspecified,UNITED STATES OF AMERICA,2021-01-06,World Health Organization COVID-19 Dashboard,175047,340161441,51.4600
COVID-19,Unspecified,UNITED STATES OF AMERICA,2021-01-07,World Health Organization COVID-19 Dashboard,243451,340161441,71.5693
COVID-19,Unspecified,UNITED STATES OF AMERICA,2021-01-08,World Health Organization COVID-19 Dashboard,257769,340161441,75.7784
COVID-19,Unspecified,UNITED STATES OF AMERICA,2021-01-09,World Health Organization COVID-19 Dashboard,269575,340161441,79.2491
COVID-19,Unspecified,UNITED STATES OF AMERICA,2021-01-10,World Health Organization COVID-19 Dashboard,292871,340161441,86.0976
COVID-19,Unspecified,UNITED STATES OF AMERICA,2021-01-11,World Health Organization COVID-19 Dashboard,255591,340161441,75.1381
COVID-19,Unspecified,UNITED STATES OF AMERICA,2021-01-12,World Health Organization COVID-19 Dashboard,223943,340161441,65.8343
COVID-19,Unspecified,UNITED STATES OF AMERICA,2021-01-13,World Health Organization COVID-19 Dashboard,204280,340161441,60.0538
COVID-19,Unspecified,UNITED STATES OF AMERICA,2021-01-14,World Health Organization COVID-19 Dashboard,217818,340161441,64.0337
COVID-19,Unspecified,UNITED STATES OF AMERICA,2021-01-15,World Health Organization COVID-19 Dashboard,227077,340161441,66.7557
COVID-19,Unspecified,UNITED STATES OF AMERICA,2021-01-16,World Health Organization COVID-19 Dashboard,223247,340161441,65.6297
COVID-19,Unspecified,UNITED STATES OF AMERICA,2021-01-17,World Health Organization COVID-19 Dashboard,239292,340161441,70.3466
COVID-19,Unspecified,UNITED STATES OF AMERICA,2021-01-18,World Health Organization COVID-19 Dashboard,212772,340161441,62.5503
COVID-19,Unspecified,UNITED STATES OF AMERICA,2021-01-19,World Health Organization COVID-19 Dashboard,183888,340161441,54.0590
COVID-19,Unspecified,UNITED STATES OF AMERICA,2021-01-20,World Health Organization COVID-19 Dashboard,151500,340161441,44.5377
COVID-19,Unspecified,UNITED STATES OF AMERICA,2021-01-21,World Health Organization COVID-19 Dashboard,150308,340161441,44.1873
COVID-19,Unspecified,UNITED STATES OF AMERICA,2021-01-22,World Health Organization COVID-19 Dashboard,187812,340161441,55.2126
COVID-19,Unspecified,UNITED STATES OF AMERICA,2021-01-23,World Health Organization COVID-19 Dashboard,187781,340161441,55.2035
COVID-19,Unspecified,UNITED STATES OF AMERICA,2021-01-24,World Health Organization COVID-19 Dashboard,190211,340161441,55.9179
COVID-19,Unspecified,UNITED STATES OF AMERICA,2021-01-25,World Health Organization COVID-19 Dashboard,164581,340161441,48.3832
COVID-19,Unspecified,UNITED STATES OF AMERICA,2021-01-26,World Health Organization COVID-19 Dashboard,143959,340161441,42.3208
COVID-19,Unspecified,UNITED STATES OF AMERICA,2021-01-27,World Health Organization COVID-19 Dashboard,134141,340161441,39.4345
COVID-19,Unspecified,UNITED STATES OF AMERICA,2021-01-28,World Health Organization COVID-19 Dashboard,146513,340161441,43.0716
COVID-19,Unspecified,UNITED STATES OF AMERICA,2021-01-29,World Health Organization COVID-19 Dashboard,158913,340161441,46.7169
COVID-19,Unspecified,UNITED STATES OF AMERICA,2021-01-30,World Health Organization COVID-19 Dashboard,155971,340161441,45.8521
COVID-19,Unspecified,UNITED STATES OF AMERICA,2021-01-31,World Health Organization COVID-19 Dashboard,164372,340161441,48.3218
COVID-19,Unspecified,UNITED STATES OF AMERICA,2021-02-01,World Health Organization COVID-19 Dashboard,137193,340161441,40.3317
COVID-19,Unspecified,UNITED STATES OF AMERICA,2021-02-02,World Health Organization COVID-19 Dashboard,112268,340161441,33.0043
COVID-19,Unspecified,UNITED STATES OF AMERICA,2021-02-03,World Health Organization COVID-19 Dashboard,128868,340161441,37.8844
COVID-19,Unspecified,UNITED STATES OF AMERICA,2021-02-04,World Health Organization COVID-19 Dashboard,121723,340161441,35.7839
COVID-19,Unspecified,UNITED STATES OF AMERICA,2021-02-05,World Health Organization COVID-19 Dashboard,108776,340161441,31.9778
COVID-19,Unspecified,UNITED STATES OF AMERICA,2021-02-06,World Health Organization COVID-19 Dashboard,125122,340161441,36.7831
COVID-19,Unspecified,UNITED STATES OF AMERICA,2021-02-07,World Health Organization COVID-19 Dashboard,124494,340161441,36.5985
COVID-19,Unspecified,UNITED STATES OF AMERICA,2021-02-08,World Health Organization COVID-19 Dashboard,108554,340161441,31.9125
COVID-19,Unspecified,UNITED STATES OF AMERICA,2021-02-09,World Health Organization COVID-19 Dashboard,91769,340161441,26.9781
COVID-19,Unspecified,UNITED STATES OF AMERICA,2021-02-10,World Health Organization COVID-19 Dashboard,82283,340161441,24.1894
COVID-19,Unspecified,UNITED STATES OF AMERICA,2021-02-11,World Health Organization COVID-19 Dashboard,91425,340161441,26.8769
COVID-19,Unspecified,UNITED STATES OF AMERICA,2021-02-12,World Health Organization COVID-19 Dashboard,98851,340161441,29.0600
COVID-19,Unspecified,UNITED STATES OF AMERICA,2021-02-13,World Health Organization COVID-19 Dashboard,99059,340161441,29.1212
COVID-19,Unspecified,UNITED STATES OF AMERICA,2021-02-14,World Health Organization COVID-19 Dashboard,97591,340161441,28.6896
COVID-19,Unspecified,UNITED STATES OF AMERICA,2021-02-15,World Health Organization COVID-19 Dashboard,84690,340161441,24.8970
COVID-19,Unspecified,UNITED STATES OF AMERICA,2021-02-16,World Health Organization COVID-19 Dashboard,66393,340161441,19.5181
COVID-19,Unspecified,UNITED STATES OF AMERICA,2021-02-17,World Health Organization COVID-19 Dashboard,58271,340161441,17.1304
COVID-19,Unspecified,UNITED STATES OF AMERICA,2021-02-18,World Health Organization COVID-19 Dashboard,57386,340161441,16.8702
COVID-19,Unspecified,UNITED STATES OF AMERICA,2021-02-19,World Health Organization COVID-19 Dashboard,63806,340161441,18.7576
COVID-19,Unspecified,UNITED STATES OF AMERICA,2021-02-20,World Health Organization COVID-19 Dashboard,68346,340161441,20.0922
COVID-19,Unspecified,UNITED STATES OF AMERICA,2021-02-21,World Health Organization COVID-19 Dashboard,73505,340161441,21.6089
COVID-19,Unspecified,UNITED STATES OF AMERICA,2021-02-22,World Health Organization COVID-19 Dashboard,66023,340161441,19.4093
COVID-19,Unspecified,UNITED STATES OF AMERICA,2021-02-23,World Health Organization COVID-19 Dashboard,55499,340161441,16.3155
COVID-19,Unspecified,UNITED STATES OF AMERICA,2021-02-24,World Health Organization COVID-19 Dashboard,56404,340161441,16.5815
COVID-19,Unspecified,UNITED STATES OF AMERICA,2021-02-25,World Health Organization COVID-19 Dashboard,70323,340161441,20.6734
COVID-19,Unspecified,UNITED STATES OF AMERICA,2021-02-26,World Health Organization COVID-19 Dashboard,72543,340161441,21.3261
COVID-19,Unspecified,UNITED STATES OF AMERICA,2021-02-27,World Health Organization COVID-19 Dashboard,71678,340161441,21.0718
COVID-19,Unspecified,UNITED STATES OF AMERICA,2021-02-28,World Health Organization COVID-19 Dashboard,73320,340161441,21.5545
COVID-19,Unspecified,UNITED STATES OF AMERICA,2021-03-01,World Health Organization COVID-19 Dashboard,67823,340161441,19.9385
COVID-19,Unspecified,UNITED STATES OF AMERICA,2021-03-02,World Health Organization COVID-19 Dashboard,52005,340161441,15.2883
COVID-19,Unspecified,UNITED STATES OF AMERICA,2021-03-03,World Health Organization COVID-19 Dashboard,51303,340161441,15.0820
COVID-19,Unspecified,UNITED STATES OF AMERICA,2021-03-04,World Health Organization COVID-19 Dashboard,54244,340161441,15.9465
COVID-19,Unspecified,UNITED STATES OF AMERICA,2021-03-05,World Health Organization COVID-19 Dashboard,65794,340161441,19.3420
COVID-19,Unspecified,UNITED STATES OF AMERICA,2021-03-06,World Health Organization COVID-19 Dashboard,65259,340161441,19.1847
COVID-19,Unspecified,UNITED STATES OF AMERICA,2021-03-07,World Health Organization COVID-19 Dashboard,63873,340161441,18.7773
COVID-19,Unspecified,UNITED STATES OF AMERICA,2021-03-08,World Health Organization COVID-19 Dashboard,57502,340161441,16.9043
COVID-19,Unspecified,UNITED STATES OF AMERICA,2021-03-09,World Health Organization COVID-19 Dashboard,43414,340161441,12.7628
COVID-19,Unspecified,UNITED STATES OF AMERICA,2021-03-10,World Health Organization COVID-19 Dashboard,43315,340161441,12.7337
COVID-19,Unspecified,UNITED STATES OF AMERICA,2021-03-11,World Health Organization COVID-19 Dashboard,53757,340161441,15.8034
COVID-19,Unspecified,UNITED STATES OF AMERICA,2021-03-12,World Health Organization COVID-19 Dashboard,61787,340161441,18.1640
COVID-19,Unspecified,UNITED STATES OF AMERICA,2021-03-13,World Health Organization COVID-19 Dashboard,60034,340161441,17.6487
COVID-19,Unspecified,UNITED STATES OF AMERICA,2021-03-14,World Health Organization COVID-19 Dashboard,64042,340161441,18.8269
COVID-19,Unspecified,UNITED STATES OF AMERICA,2021-03-15,World Health Organization COVID-19 Dashboard,52228,340161441,15.3539
COVID-19,Unspecified,UNITED STATES OF AMERICA,2021-03-16,World Health Organization COVID-19 Dashboard,47233,340161441,13.8855
COVID-19,Unspecified,UNITED STATES OF AMERICA,2021-03-17,World Health Organization COVID-19 Dashboard,43701,340161441,12.8471
COVID-19,Unspecified,UNITED STATES OF AMERICA,2021-03-18,World Health Organization COVID-19 Dashboard,51929,340161441,15.2660
COVID-19,Unspecified,UNITED STATES OF AMERICA,2021-03-19,World Health Organization COVID-19 Dashboard,61345,340161441,18.0341
COVID-19,Unspecified,UNITED STATES OF AMERICA,2021-03-20,World Health Organization COVID-19 Dashboard,62650,340161441,18.4177
COVID-19,Unspecified,UNITED STATES OF AMERICA,2021-03-21,World Health Organization COVID-19 Dashboard,62026,340161441,18.2343
COVID-19,Unspecified,UNITED STATES OF AMERICA,2021-03-22,World Health Organization COVID-19 Dashboard,58103,340161441,17.0810
COVID-19,Unspecified,UNITED STATES OF AMERICA,2021-03-23,World Health Organization COVID-19 Dashboard,45149,340161441,13.2728
COVID-19,Unspecified,UNITED STATES OF AMERICA,2021-03-24,World Health Organization COVID-19 Dashboard,48376,340161441,14.2215
COVID-19,Unspecified,UNITED STATES OF AMERICA,2021-03-25,World Health Organization COVID-19 Dashboard,57890,340161441,17.0184
COVID-19,Unspecified,UNITED STATES OF AMERICA,2021-03-26,World Health Organization COVID-19 Dashboard,68176,340161441,20.0422
COVID-19,Unspecified,UNITED STATES OF AMERICA,2021-03-27,World Health Organization COVID-19 Dashboard,65576,340161441,19.2779
COVID-19,Unspecified,UNITED STATES OF AMERICA,2021-03-28,World Health Organization COVID-19 Dashboard,74977,340161441,22.0416
COVID-19,Unspecified,UNITED STATES OF AMERICA,2021-03-29,World Health Organization COVID-19 Dashboard,62819,340161441,18.4674
COVID-19,Unspecified,UNITED STATES OF AMERICA,2021-03-30,World Health Organization COVID-19 Dashboard,53014,340161441,15.5850
COVID-19,Unspecified,UNITED STATES OF AMERICA,2021-03-31,World Health Organization COVID-19 Dashboard,58274,340161441,17.1313
COVID-19,Unspecified,UNITED STATES OF AMERICA,2021-04-01,World Health Organization COVID-19 Dashboard,61429,340161441,18.0588
COVID-19,Unspecified,UNITED STATES OF AMERICA,2021-04-02,World Health Organization COVID-19 Dashboard,70478,340161441,20.7190
COVID-19,Unspecified,UNITED STATES OF AMERICA,2021-04-03,World Health Organization COVID-19 Dashboard,73507,340161441,21.6094
COVID-19,Unspecified,UNITED STATES OF AMERICA,2021-04-04,World Health Organization COVID-19 Dashboard,70431,340161441,20.7052
COVID-19,Unspecified,UNITED STATES OF AMERICA,2021-04-05,World Health Organization COVID-19 Dashboard,63514,340161441,18.6717
COVID-19,Unspecified,UNITED STATES OF AMERICA,2021-04-06,World Health Organization COVID-19 Dashboard,45513,340161441,13.3798
COVID-19,Unspecified,UNITED STATES OF AMERICA,2021-04-07,World Health Organization COVID-19 Dashboard,56771,340161441,16.6894
COVID-19,Unspecified,UNITED STATES OF AMERICA,2021-04-08,World Health Organization COVID-19 Dashboard,63779,340161441,18.7496
COVID-19,Unspecified,UNITED STATES OF AMERICA,2021-04-09,World Health Organization COVID-19 Dashboard,75029,340161441,22.0569
COVID-19,Unspecified,UNITED STATES OF AMERICA,2021-04-10,World Health Organization COVID-19 Dashboard,75057,340161441,22.0651
COVID-19,Unspecified,UNITED STATES OF AMERICA,2021-04-11,World Health Organization COVID-19 Dashboard,76578,340161441,22.5123
COVID-19,Unspecified,UNITED STATES OF AMERICA,2021-04-12,World Health Organization COVID-19 Dashboard,67729,340161441,19.9108
COVID-19,Unspecified,UNITED STATES OF AMERICA,2021-04-13,World Health Organization COVID-19 Dashboard,53310,340161441,15.6720
COVID-19,Unspecified,UNITED STATES OF AMERICA,2021-04-14,World Health Organization COVID-19 Dashboard,61108,340161441,17.9644
COVID-19,Unspecified,UNITED STATES OF AMERICA,2021-04-15,World Health Organization COVID-19 Dashboard,71485,340161441,21.0150
COVID-19,Unspecified,UNITED STATES OF AMERICA,2021-04-16,World Health Organization COVID-19 Dashboard,70859,340161441,20.8310
COVID-19,Unspecified,UNITED STATES OF AMERICA,2021-04-17,World Health Organization COVID-19 Dashboard,71687,340161441,21.0744
COVID-19,Unspecified,UNITED STATES OF AMERICA,2021-04-18,World Health Organization COVID-19 Dashboard,71154,340161441,20.9177
COVID-19,Unspecified,UNITED STATES OF AMERICA,2021-04-19,World Health Organization COVID-19 Dashboard,77166,340161441,22.6851
COVID-19,Unspecified,UNITED STATES OF AMERICA,2021-04-20,World Health Organization COVID-19 Dashboard,49023,340161441,14.4117
COVID-19,Unspecified,UNITED STATES OF AMERICA,2021-04-21,World Health Organization COVID-19 Dashboard,35517,340161441,10.4412
COVID-19,Unspecified,UNITED STATES OF AMERICA,2021-04-22,World Health Organization COVID-19 Dashboard,57381,340161441,16.8688
COVID-19,Unspecified,UNITED STATES OF AMERICA,2021-04-23,World Health Organization COVID-19 Dashboard,63179,340161441,18.5732
COVID-19,Unspecified,UNITED STATES OF AMERICA,2021-04-24,World Health Organization COVID-19 Dashboard,61856,340161441,18.1843
COVID-19,Unspecified,UNITED STATES OF AMERICA,2021-04-25,World Health Organization COVID-19 Dashboard,62136,340161441,18.2666
COVID-19,Unspecified,UNITED STATES OF AMERICA,2021-04-26,World Health Organization COVID-19 Dashboard,51655,340161441,15.1854
COVID-19,Unspecified,UNITED STATES OF AMERICA,2021-04-27,World Health Organization COVID-19 Dashboard,40687,340161441,11.9611
COVID-19,Unspecified,UNITED STATES OF AMERICA,2021-04-28,World Health Organization COVID-19 Dashboard,30589,340161441,8.9925
COVID-19,Unspecified,UNITED STATES OF AMERICA,2021-04-29,World Health Organization COVID-19 Dashboard,50279,340161441,14.7809
COVID-19,Unspecified,UNITED STATES OF AMERICA,2021-04-30,World Health Organization COVID-19 Dashboard,54558,340161441,16.0389
COVID-19,Unspecified,UNITED STATES OF AMERICA,2021-05-01,World Health Organization COVID-19 Dashboard,55849,340161441,16.4184
COVID-19,Unspecified,UNITED STATES OF AMERICA,2021-05-02,World Health Organization COVID-19 Dashboard,55107,340161441,16.2002
COVID-19,Unspecified,UNITED STATES OF AMERICA,2021-05-03,World Health Organization COVID-19 Dashboard,48222,340161441,14.1762
COVID-19,Unspecified,UNITED STATES OF AMERICA,2021-05-04,World Health Organization COVID-19 Dashboard,36454,340161441,10.7167
COVID-19,Unspecified,UNITED STATES OF AMERICA,2021-05-05,World Health Organization COVID-19 Dashboard,33085,340161441,9.7263
COVID-19,Unspecified,UNITED STATES OF AMERICA,2021-05-06,World Health Organization COVID-19 Dashboard,42618,340161441,12.5288
COVID-19,Unspecified,UNITED STATES OF AMERICA,2021-05-07,World Health Organization COVID-19 Dashboard,44677,340161441,13.1341
COVID-19,Unspecified,UNITED STATES OF AMERICA,2021-05-08,World Health Organization COVID-19 Dashboard,42784,340161441,12.5776
COVID-19,Unspecified,UNITED STATES OF AMERICA,2021-05-09,World Health Organization COVID-19 Dashboard,44571,340161441,13.1029
COVID-19,Unspecified,UNITED STATES OF AMERICA,2021-05-10,World Health Organization COVID-19 Dashboard,36857,340161441,10.8351
COVID-19,Unspecified,UNITED STATES OF AMERICA,2021-05-11,World Health Organization COVID-19 Dashboard,27358,340161441,8.0427
COVID-19,Unspecified,UNITED STATES OF AMERICA,2021-05-12,World Health Organization COVID-19 Dashboard,24608,340161441,7.2342
COVID-19,Unspecified,UNITED STATES OF AMERICA,2021-05-13,World Health Organization COVID-19 Dashboard,33087,340161441,9.7269
COVID-19,Unspecified,UNITED STATES OF AMERICA,2021-05-14,World Health Organization COVID-19 Dashboard,35843,340161441,10.5371
COVID-19,Unspecified,UNITED STATES OF AMERICA,2021-05-15,World Health Organization COVID-19 Dashboard,40477,340161441,11.8993
COVID-19,Unspecified,UNITED STATES OF AMERICA,2021-05-16,World Health Organization COVID-19 Dashboard,35309,340161441,10.3801
COVID-19,Unspecified,UNITED STATES OF AMERICA,2021-05-17,World Health Organization COVID-19 Dashboard,29532,340161441,8.6818
COVID-19,Unspecified,UNITED STATES OF AMERICA,2021-05-18,World Health Organization COVID-19 Dashboard,21399,340161441,6.2908
COVID-19,Unspecified,UNITED STATES OF AMERICA,2021-05-19,World Health Organization COVID-19 Dashboard,19562,340161441,5.7508
COVID-19,Unspecified,UNITED STATES OF AMERICA,2021-05-20,World Health Organization COVID-19 Dashboard,27817,340161441,8.1776
COVID-19,Unspecified,UNITED STATES OF AMERICA,2021-05-21,World Health Organization COVID-19 Dashboard,27632,340161441,8.1232
COVID-19,Unspecified,UNITED STATES OF AMERICA,2021-05-22,World Health Organization COVID-19 Dashboard,27862,340161441,8.1908
COVID-19,Unspecified,UNITED STATES OF AMERICA,2021-05-23,World Health Organization COVID-19 Dashboard,28021,340161441,8.2376
COVID-19,Unspecified,UNITED STATES OF AMERICA,2021-05-24,World Health Organization COVID-19 Dashboard,22067,340161441,6.4872
COVID-19,Unspecified,UNITED STATES OF AMERICA,2021-05-25,World Health Organization COVID-19 Dashboard,15919,340161441,4.6798
COVID-19,Unspecified,UNITED STATES OF AMERICA,2021-05-26,World Health Organization COVID-19 Dashboard,15341,340161441,4.5099
COVID-19,Unspecified,UNITED STATES OF AMERICA,2021-05-27,World Health Organization COVID-19 Dashboard,24267,340161441,7.1340
COVID-19,Unspecified,UNITED STATES OF AMERICA,2021-05-28,World Health Organization COVID-19 Dashboard,23524,340161441,6.9155
COVID-19,Unspecified,UNITED STATES OF AMERICA,2021-05-29,World Health Organization COVID-19 Dashboard,22103,340161441,6.4978
COVID-19,Unspecified,UNITED STATES OF AMERICA,2021-05-30,World Health Organization COVID-19 Dashboard,24773,340161441,7.2827
COVID-19,Unspecified,UNITED STATES OF AMERICA,2021-05-31,World Health Organization COVID-19 Dashboard,15616,340161441,4.5908
COVID-19,Unspecified,UNITED STATES OF AMERICA,2021-06-01,World Health Organization COVID-19 Dashboard,12325,340161441,3.6233
COVID-19,Unspecified,UNITED STATES OF AMERICA,2021-06-02,World Health Organization COVID-19 Dashboard,9330,340161441,2.7428
COVID-19,Unspecified,UNITED STATES OF AMERICA,2021-06-03,World Health Organization COVID-19 Dashboard,9079,340161441,2.6690
COVID-19,Unspecified,UNITED STATES OF AMERICA,2021-06-04,World Health Organization COVID-19 Dashboard,16190,340161441,4.7595
COVID-19,Unspecified,UNITED STATES OF AMERICA,2021-06-05,World Health Organization COVID-19 Dashboard,18336,340161441,5.3904
COVID-19,Unspecified,UNITED STATES OF AMERICA,2021-06-06,World Health Organization COVID-19 Dashboard,18661,340161441,5.4859
COVID-19,Unspecified,UNITED STATES OF AMERICA,2021-06-07,World Health Organization COVID-19 Dashboard,14649,340161441,4.3065
COVID-19,Unspecified,UNITED STATES OF AMERICA,2021-06-08,World Health Organization COVID-19 Dashboard,11045,340161441,3.2470
COVID-19,Unspecified,UNITED STATES OF AMERICA,2021-06-09,World Health Organization COVID-19 Dashboard,10007,340161441,2.9418
COVID-19,Unspecified,UNITED STATES OF AMERICA,2021-06-10,World Health Organization COVID-19 Dashboard,14358,340161441,4.2209
COVID-19,Unspecified,UNITED STATES OF AMERICA,2021-06-11,World Health Organization COVID-19 Dashboard,19673,340161441,5.7834
COVID-19,Unspecified,UNITED STATES OF AMERICA,2021-06-12,World Health Organization COVID-19 Dashboard,15947,340161441,4.6881
COVID-19,Unspecified,UNITED STATES OF AMERICA,2021-06-13,World Health Organization COVID-19 Dashboard,14109,340161441,4.1477
COVID-19,Unspecified,UNITED STATES OF AMERICA,2021-06-14,World Health Organization COVID-19 Dashboard,12334,340161441,3.6259
COVID-19,Unspecified,UNITED STATES OF AMERICA,2021-06-15,World Health Organization COVID-19 Dashboard,8741,340161441,2.5697
COVID-19,Unspecified,UNITED STATES OF AMERICA,2021-06-16,World Health Organization COVID-19 Dashboard,8339,340161441,2.4515
COVID-19,Unspecified,UNITED STATES OF AMERICA,2021-06-17,World Health Organization COVID-19 Dashboard,12803,340161441,3.7638
COVID-19,Unspecified,UNITED STATES OF AMERICA,2021-06-18,World Health Organization COVID-19 Dashboard,13117,340161441,3.8561
COVID-19,Unspecified,UNITED STATES OF AMERICA,2021-06-19,World Health Organization COVID-19 Dashboard,13444,340161441,3.9522
COVID-19,Unspecified,UNITED STATES OF AMERICA,2021-06-20,World Health Organization COVID-19 Dashboard,11925,340161441,3.5057
COVID-19,Unspecified,UNITED STATES OF AMERICA,2021-06-21,World Health Organization COVID-19 Dashboard,12351,340161441,3.6309
COVID-19,Unspecified,UNITED STATES OF AMERICA,2021-06-22,World Health Organization COVID-19 Dashboard,9053,340161441,2.6614
COVID-19,Unspecified,UNITED STATES OF AMERICA,2021-06-23,World Health Organization COVID-19 Dashboard,8713,340161441,2.5614
COVID-19,Unspecified,UNITED STATES OF AMERICA,2021-06-24,World Health Organization COVID-19 Dashboard,13439,340161441,3.9508
COVID-19,Unspecified,UNITED STATES OF AMERICA,2021-06-25,World Health Organization COVID-19 Dashboard,13826,340161441,4.0645
COVID-19,Unspecified,UNITED STATES OF AMERICA,2021-06-26,World Health Organization COVID-19 Dashboard,15566,340161441,4.5761
COVID-19,Unspecified,UNITED STATES OF AMERICA,2021-06-27,World Health Organization COVID-19 Dashboard,15050,340161441,4.4244
COVID-19,Unspecified,UNITED STATES OF AMERICA,2021-06-28,World Health Organization COVID-19 Dashboard,13209,340161441,3.8832
COVID-19,Unspecified,UNITED STATES OF AMERICA,2021-06-29,World Health Organization COVID-19 Dashboard,10629,340161441,3.1247
COVID-19,Unspecified,UNITED STATES OF AMERICA,2021-06-30,World Health Organization COVID-19 Dashboard,10622,340161441,3.1226
COVID-19,Unspecified,UNITED STATES OF AMERICA,2021-07-01,World Health Organization COVID-19 Dashboard,15687,340161441,4.6116
COVID-19,Unspecified,UNITED STATES OF AMERICA,2021-07-02,World Health Organization COVID-19 Dashboard,11607,340161441,3.4122
COVID-19,Unspecified,UNITED STATES OF AMERICA,2021-07-03,World Health Organization COVID-19 Dashboard,18641,340161441,5.4800
COVID-19,Unspecified,UNITED STATES OF AMERICA,2021-07-04,World Health Organization COVID-19 Dashboard,16897,340161441,4.9673
COVID-19,Unspecified,UNITED STATES OF AMERICA,2021-07-05,World Health Organization COVID-19 Dashboard,13166,340161441,3.8705
COVID-19,Unspecified,UNITED STATES OF AMERICA,2021-07-06,World Health Organization COVID-19 Dashboard,10395,340161441,3.0559
COVID-19,Unspecified,UNITED STATES OF AMERICA,2021-07-07,World Health Organization COVID-19 Dashboard,9301,340161441,2.7343
COVID-19,Unspecified,UNITED STATES OF AMERICA,2021-07-08,World Health Organization COVID-19 Dashboard,20098,340161441,5.9084
COVID-19,Unspecified,UNITED STATES OF AMERICA,2021-07-09,World Health Organization COVID-19 Dashboard,22680,340161441,6.6674
COVID-19,Unspecified,UNITED STATES OF AMERICA,2021-07-10,World Health Organization COVID-19 Dashboard,183754,340161441,54.0196
COVID-19,Unspecified,UNITED STATES OF AMERICA,2021-07-11,World Health Organization COVID-19 Dashboard,27655,340161441,8.1300
COVID-19,Unspecified,UNITED STATES OF AMERICA,2021-07-12,World Health Organization COVID-19 Dashboard,20771,340161441,6.1062
COVID-19,Unspecified,UNITED STATES OF AMERICA,2021-07-13,World Health Organization COVID-19 Dashboard,16619,340161441,4.8856
COVID-19,Unspecified,UNITED STATES OF AMERICA,2021-07-14,World Health Organization COVID-19 Dashboard,29229,340161441,8.5927
COVID-19,Unspecified,UNITED STATES OF AMERICA,2021-07-15,World Health Organization COVID-19 Dashboard,35038,340161441,10.3004
COVID-19,Unspecified,UNITED STATES OF AMERICA,2021-07-16,World Health Organization COVID-19 Dashboard,38373,340161441,11.2808
COVID-19,Unspecified,UNITED STATES OF AMERICA,2021-07-17,World Health Organization COVID-19 Dashboard,40596,340161441,11.9343
COVID-19,Unspecified,UNITED STATES OF AMERICA,2021-07-18,World Health Organization COVID-19 Dashboard,42287,340161441,12.4315
COVID-19,Unspecified,UNITED STATES OF AMERICA,2021-07-19,World Health Organization COVID-19 Dashboard,32136,340161441,9.4473
COVID-19,Unspecified,UNITED STATES OF AMERICA,2021-07-20,World Health Organization COVID-19 Dashboard,28185,340161441,8.2858
COVID-19,Unspecified,UNITED STATES OF AMERICA,2021-07-21,World Health Organization COVID-19 Dashboard,45357,340161441,13.3340
COVID-19,Unspecified,UNITED STATES OF AMERICA,2021-07-22,World Health Organization COVID-19 Dashboard,51027,340161441,15.0008
COVID-19,Unspecified,UNITED STATES OF AMERICA,2021-07-23,World Health Organization COVID-19 Dashboard,61261,340161441,18.0094
COVID-19,Unspecified,UNITED STATES OF AMERICA,2021-07-24,World Health Organization COVID-19 Dashboard,71822,340161441,21.1141
COVID-19,Unspecified,UNITED STATES OF AMERICA,2021-07-25,World Health Organization COVID-19 Dashboard,69702,340161441,20.4909
COVID-19,Unspecified,UNITED STATES OF AMERICA,2021-07-26,World Health Organization COVID-19 Dashboard,53670,340161441,15.7778
COVID-19,Unspecified,UNITED STATES OF AMERICA,2021-07-27,World Health Organization COVID-19 Dashboard,43249,340161441,12.7143
COVID-19,Unspecified,UNITED STATES OF AMERICA,2021-07-28,World Health Organization COVID-19 Dashboard,71323,340161441,20.9674
COVID-19,Unspecified,UNITED STATES OF AMERICA,2021-07-29,World Health Organization COVID-19 Dashboard,86086,340161441,25.3074
COVID-19,Unspecified,UNITED STATES OF AMERICA,2021-07-30,World Health Organization COVID-19 Dashboard,89188,340161441,26.2193
COVID-19,Unspecified,UNITED STATES OF AMERICA,2021-07-31,World Health Organization COVID-19 Dashboard,99399,340161441,29.2211